datetime,temp_c,gas_raw,gas_pct,vibration_adc_raw,vibration_level,vibration_pct
2025-12-08T20:57:30,29.9,36.0,3.519061583577713,1022.0,1.0,0.09775171065493646
2025-12-08T20:57:30,29.9,36.0,3.5190615835777135,1022.0,1.0,0.09775171065493646
2025-12-08T20:57:30,29.9,36.0,3.519061583577714,1022.0,1.0,0.09775171065493646
2025-12-08T20:57:30,29.9,36.0,3.519061583577714,1022.0,1.0,0.09775171065493646
2025-12-08T20:57:30,29.9,36.0,3.519061583577714,1022.0,1.0,0.09775171065493646
2025-12-08T20:57:30,29.9,36.0,3.519061583577714,1022.0,1.0,0.09775171065493646
2025-12-08T20:57:30,29.9,36.0,3.519061583577714,1022.0,1.0,0.09775171065493646
2025-12-08T20:57:30,29.9,36.0,3.519061583577714,1022.0,1.0,0.09775171065493646
2025-12-08T20:57:30,29.9,36.0,3.519061583577714,1022.0,1.0,0.09775171065493646
2025-12-08T20:57:30,29.9,36.0,3.519061583577714,1022.0,1.0,0.09775171065493646
2025-12-08T20:57:30,29.9,36.0,3.519061583577714,1022.0,1.0,0.09775171065493646
2025-12-08T20:57:30,29.9,36.0,3.519061583577714,1022.0,1.0,0.09775171065493646
2025-12-08T20:57:30,29.9,36.0,3.519061583577714,1022.0,1.0,0.09775171065493646
2025-12-08T20:57:30,29.9,36.0,3.519061583577714,1022.0,1.0,0.09775171065493646
2025-12-08T20:57:30,29.9,36.0,3.519061583577714,1022.0,1.0,0.09775171065493646
2025-12-08T20:57:30,29.9,36.0,3.519061583577714,1022.0,1.0,0.09775171065493646
2025-12-08T20:57:30,29.9,36.0,3.519061583577714,1022.0,1.0,0.09775171065493646
2025-12-08T20:57:30,29.9,36.0,3.519061583577714,1022.0,1.0,0.09775171065493646
2025-12-08T20:57:30,29.9,36.0,3.519061583577714,1022.0,1.0,0.09775171065493646
2025-12-08T20:57:30,29.9,36.0,3.519061583577714,1022.0,1.0,0.09775171065493646
2025-12-08T20:57:30,29.9,36.0,3.519061583577714,1022.0,1.0,0.09775171065493646
2025-12-08T20:57:30,29.9,35.0,3.499511241446726,1022.0,1.0,0.09775171065493646
2025-12-08T20:57:30,29.9,36.0,3.503421309872924,1022.0,1.0,0.09775171065493646
2025-12-08T20:57:30,29.9,36.0,3.5065493646138823,1022.0,1.0,0.09775171065493646
2025-12-08T20:57:30,29.9,36.0,3.5090518084066487,1022.0,1.0,0.09775171065493646
2025-12-08T20:57:30,29.9,36.0,3.511053763440862,1022.0,1.0,0.09775171065493646
2025-12-08T20:57:30,29.9,36.0,3.5126553274682326,1022.0,1.0,0.09775171065493646
2025-12-08T20:57:30,29.9,36.0,3.513936578690129,1022.0,1.0,0.09775171065493646
2025-12-08T20:57:30,29.9,36.0,3.514961579667646,1022.0,1.0,0.09775171065493646
2025-12-08T20:57:30,29.9,36.0,3.5157815804496595,1022.0,1.0,0.09775171065493646
2025-12-08T20:57:30,29.9,35.0,3.4968872389442827,1022.0,1.0,0.09775171065493646
2025-12-08T20:57:30,29.9,36.0,3.501322107870969,1022.0,1.0,0.09775171065493646
2025-12-08T20:57:30,29.9,36.0,3.5048700030123183,1022.0,1.0,0.09775171065493646
2025-12-08T20:57:30,29.9,35.0,3.48815797699441,1022.0,1.0,0.09775171065493646
2025-12-08T20:57:30,29.9,36.0,3.494338698311071,1022.0,1.0,0.09775171065493646
2025-12-08T20:57:30,29.9,36.0,3.4992832753644,1022.0,1.0,0.09775171065493646
2025-12-08T20:57:30,29.9,36.0,3.5032389370070627,1022.0,1.0,0.09775171065493646
2025-12-08T20:57:30,29.9,36.0,3.506403466321193,1022.0,1.0,0.09775171065493646
2025-12-08T20:57:30,29.9,36.0,3.508935089772497,1022.0,1.0,0.09775171065493646
2025-12-08T20:57:30,29.9,36.0,3.5109603885335408,1022.0,1.0,0.09775171065493646
2025-12-08T20:57:30,29.9,36.0,3.5125806275423757,1022.0,1.0,0.09775171065493646
2025-12-08T20:57:30,29.9,35.0,3.494326476618456,1022.0,1.0,0.09775171065493646
2025-12-08T20:57:30,29.9,35.0,3.47972315587932,1022.0,1.0,0.09775171065493646
2025-12-08T20:57:30,29.9,35.0,3.468040499288011,1022.0,1.0,0.09775171065493646
2025-12-08T20:57:30,29.9,35.0,3.4586943740149643,1022.0,1.0,0.09775171065493646
2025-12-08T20:57:30,29.9,35.0,3.4512174737965267,1022.0,1.0,0.09775171065493646
2025-12-08T20:57:30,29.9,35.0,3.4452359536217765,1022.0,1.0,0.09775171065493646
2025-12-08T20:57:30,29.9,35.0,3.4404507374819766,1022.0,1.0,0.09775171065493646
2025-12-08T20:57:30,29.9,35.0,3.4366225645701367,1022.0,1.0,0.09775171065493646
2025-12-08T20:57:30,29.9,36.0,3.4531103683716524,1022.0,1.0,0.09775171065493646
2025-12-08T20:57:30,29.9,36.0,3.4663006114128647,1022.0,1.0,0.09775171065493646
2025-12-08T20:57:30,29.9,35.0,3.457302463714847,1022.0,1.0,0.09775171065493646
2025-12-08T20:57:30,29.9,35.0,3.4501039455564326,1022.0,1.0,0.09775171065493646
2025-12-08T20:57:30,29.9,36.0,3.4638954731606892,1022.0,1.0,0.09775171065493646
2025-12-08T20:57:30,29.9,36.0,3.4749286952440945,1022.0,1.0,0.09775171065493646
2025-12-08T20:57:30,29.9,35.0,3.464204930779831,1022.0,1.0,0.09775171065493646
2025-12-08T20:57:30,29.9,36.0,3.4751762613394077,1022.0,1.0,0.09775171065493646
2025-12-08T20:57:30,29.9,36.0,3.483953325787069,1022.0,1.0,0.09775171065493646
2025-12-08T20:57:30,29.9,35.0,3.4714246352142104,1022.0,1.0,0.09775171065493646
2025-12-08T20:57:30,29.9,35.0,3.4614016827559237,1022.0,1.0,0.09775171065493646
2025-12-08T20:57:30,29.9,36.0,3.472933662920282,1022.0,1.0,0.09775171065493646
2025-12-08T20:57:30,29.9,36.0,3.4821592470517686,1022.0,1.0,0.09775171065493646
2025-12-08T20:57:30,29.9,36.0,3.4895397143569578,1022.0,1.0,0.09775171065493646
2025-12-08T20:57:30,29.9,36.0,3.495444088201109,1022.0,1.0,0.09775171065493646
2025-12-08T20:57:30,29.9,35.0,3.4806172451454427,1022.0,1.0,0.09775171065493646
2025-12-08T20:57:30,29.9,35.0,3.4687557707009096,1022.0,1.0,0.09775171065493646
2025-12-08T20:57:30,29.9,36.0,3.4788169332762706,1022.0,1.0,0.09775171065493646
2025-12-08T20:57:30,29.9,36.0,3.4868658633365595,1022.0,1.0,0.09775171065493646
2025-12-08T20:57:30,29.9,35.0,3.4737546652538027,1022.0,1.0,0.09775171065493646
2025-12-08T20:57:30,29.9,35.0,3.4632657067875976,1023.0,0.0,0.07820136852394917
2025-12-08T20:57:30,29.9,35.0,3.4548745400146332,1022.0,1.0,0.08211143695014662
2025-12-08T20:57:30,29.9,35.0,3.448161606596262,1022.0,1.0,0.08523949169110459
2025-12-08T20:57:30,29.9,35.0,3.442791259861565,1022.0,1.0,0.08774193548387096
2025-12-08T20:57:30,29.9,35.0,3.438494982473807,1022.0,1.0,0.08974389051808407
2025-12-08T20:57:30,29.9,35.0,3.435057960563601,1022.0,1.0,0.09134545454545455
2025-12-08T20:57:30,29.9,35.0,3.432308343035436,1022.0,1.0,0.09262670576735094
2025-12-08T20:57:30,29.9,35.0,3.430108649012904,1022.0,1.0,0.09365170674486804
2025-12-08T20:57:30,29.9,35.0,3.4283488937948783,1022.0,1.0,0.09447170752688172
2025-12-08T20:57:30,29.9,35.0,3.426941089620458,1022.0,1.0,0.09512770815249268
2025-12-08T20:57:30,29.9,35.0,3.4258148462809217,1022.0,1.0,0.09565250865298143
2025-12-08T20:57:30,29.9,35.0,3.4249138516092925,1022.0,1.0,0.09607234905337243
2025-12-08T20:57:30,29.9,35.0,3.424193055871989,1022.0,1.0,0.09640822137368524
2025-12-08T20:57:30,29.9,35.0,3.4236164192821463,1022.0,1.0,0.09667691922993549
2025-12-08T20:57:30,29.9,35.0,3.4231551100102724,1022.0,1.0,0.09689187751493568
2025-12-08T20:57:30,29.9,35.0,3.422786062592773,1022.0,1.0,0.09706384414293584
2025-12-08T20:57:30,29.9,35.0,3.4224908246587735,1022.0,1.0,0.09720141744533596
2025-12-08T20:57:30,29.9,35.0,3.422254634311574,1022.0,1.0,0.09731147608725606
2025-12-08T20:57:30,29.9,35.0,3.4220656820338147,1022.0,1.0,0.09739952300079215
2025-12-08T20:57:30,29.9,35.0,3.421914520211607,1022.0,1.0,0.097469960531621
2025-12-08T20:57:30,29.9,35.0,3.4217935907538406,1022.0,1.0,0.0975263105562841
2025-12-08T20:57:30,29.9,35.0,3.421696847187628,1022.0,1.0,0.09757139057601456
2025-12-08T20:57:30,29.9,35.0,3.4216194523346575,1022.0,1.0,0.09760745459179894
2025-12-08T20:57:30,29.9,35.0,3.4215575364522812,1022.0,1.0,0.09763630580442645
2025-12-08T20:57:30,29.9,35.0,3.4215080037463803,1022.0,1.0,0.09765938677452846
2025-12-08T20:57:30,29.9,35.0,3.4214683775816597,1022.0,1.0,0.09767785155061005
2025-12-08T20:57:30,29.9,35.0,3.421436676649883,1022.0,1.0,0.09769262337147534
2025-12-08T20:57:30,29.9,35.0,3.4214113159044617,1022.0,1.0,0.09770444082816757
2025-12-08T20:57:30,29.9,35.0,3.4213910273081245,1022.0,1.0,0.09771389479352134
2025-12-08T20:57:30,29.9,35.0,3.421374796431055,1022.0,1.0,0.09772145796580436
2025-12-08T20:57:30,29.9,35.0,3.4213618117293993,1022.0,1.0,0.09772750850363078
2025-12-08T20:57:30,29.9,35.0,3.421351423968075,1022.0,1.0,0.09773234893389192
2025-12-08T20:57:30,29.9,35.0,3.4213431137590153,1022.0,1.0,0.09773622127810083
2025-12-08T20:57:30,29.9,35.0,3.4213364655917675,1022.0,1.0,0.09773931915346797
2025-12-08T20:57:30,29.9,35.0,3.4213311470579693,1022.0,1.0,0.09774179745376167
2025-12-08T20:57:30,29.9,36.0,3.4408772343619183,1022.0,1.0,0.09774378009399663
2025-12-08T20:57:30,29.9,35.0,3.43696376207409,1022.0,1.0,0.0977453662061846
2025-12-08T20:57:30,29.9,35.0,3.433832984243827,1022.0,1.0,0.09774663509593497
2025-12-08T20:57:30,29.9,35.0,3.431328361979617,1022.0,1.0,0.09774765020773526
2025-12-08T20:57:30,29.9,35.0,3.429324664168249,1022.0,1.0,0.0977484622971755
2025-12-08T20:57:30,29.9,36.0,3.4472720480501424,1022.0,1.0,0.0977491119687277
2025-12-08T20:57:30,29.9,35.0,3.4420796130246694,1022.0,1.0,0.09774963170596945
2025-12-08T20:57:30,29.9,35.0,3.4379256650042906,1022.0,1.0,0.09775004749576285
2025-12-08T20:57:30,29.9,35.0,3.434602506587988,1022.0,1.0,0.09775038012759758
2025-12-08T20:57:30,29.9,35.0,3.4319439798549456,1022.0,1.0,0.09775064623306536
2025-12-08T20:57:30,29.9,35.0,3.4298171584685115,1022.0,1.0,0.09775085911743958
2025-12-08T20:57:30,29.9,35.0,3.4281157013593644,1022.0,1.0,0.09775102942493896
2025-12-08T20:57:30,29.9,35.0,3.4267545356720466,1022.0,1.0,0.09775116567093846
2025-12-08T20:57:30,29.9,35.0,3.4256656031221926,1022.0,1.0,0.09775127466773806
2025-12-08T20:57:30,29.9,35.0,3.4247944570823092,1022.0,1.0,0.09775136186517774
2025-12-08T20:57:30,29.9,35.0,3.424097540250403,1022.0,1.0,0.09775143162312949
2025-12-08T20:57:30,29.9,35.0,3.4235400067848776,1022.0,1.0,0.09775148742949089
2025-12-08T20:57:30,29.9,35.0,3.423093980012457,1022.0,1.0,0.09775153207458
2025-12-08T20:57:30,29.9,35.0,3.4227371585945208,1022.0,1.0,0.09775156779065129
2025-12-08T20:57:30,29.9,35.0,3.422451701460172,1022.0,1.0,0.09775159636350833
2025-12-08T20:57:30,29.9,35.0,3.4222233357526926,1022.0,1.0,0.09775161922179396
2025-12-08T20:57:30,29.9,35.0,3.422040643186709,1022.0,1.0,0.09775163750842246
2025-12-08T20:57:30,29.9,35.0,3.4218944891339227,1022.0,1.0,0.09775165213772526
2025-12-08T20:57:30,29.9,35.0,3.4217775658916936,1022.0,1.0,0.0977516638411675
2025-12-08T20:57:30,29.9,35.0,3.42168402729791,1022.0,1.0,0.0977516732039213
2025-12-08T20:57:30,30.0,35.0,3.4216091964228834,1022.0,1.0,0.09775168069412433
2025-12-08T20:57:30,30.0,35.0,3.421549331722862,1022.0,1.0,0.09775168668628677
2025-12-08T20:57:30,30.0,35.0,3.4215014399628445,1022.0,1.0,0.09775169148001671
2025-12-08T20:57:30,30.0,35.0,3.4214631265548308,1022.0,1.0,0.09775169531500066
2025-12-08T20:57:30,30.0,35.0,3.42143247582842,1022.0,1.0,0.09775169838298782
2025-12-08T20:57:30,30.0,35.0,3.4214079552472914,1022.0,1.0,0.09775170083737755
2025-12-08T20:57:30,30.0,35.0,3.4213883387823882,1022.0,1.0,0.09775170280088934
2025-12-08T20:57:30,30.0,35.0,3.421372645610466,1022.0,1.0,0.09775170437169876
2025-12-08T20:57:30,30.0,35.0,3.421360091072928,1022.0,1.0,0.0977517056283463
2025-12-08T20:57:30,30.0,35.0,3.4213500474428975,1022.0,1.0,0.09775170663366434
2025-12-08T20:57:30,30.0,35.0,3.421342012538873,1022.0,1.0,0.09775170743791876
2025-12-08T20:57:30,30.0,35.0,3.4213355846156537,1022.0,1.0,0.0977517080813223
2025-12-08T20:57:30,30.0,35.0,3.4213304422770783,1022.0,1.0,0.09775170859604514
2025-12-08T20:57:30,30.0,35.0,3.421326328406218,1022.0,1.0,0.0977517090078234
2025-12-08T20:57:30,30.0,35.0,3.4213230373095294,1022.0,1.0,0.09775170933724601
2025-12-08T20:57:30,30.0,35.0,3.4213204044321786,1022.0,1.0,0.09775170960078411
2025-12-08T20:57:30,30.0,35.0,3.421318298130298,1022.0,1.0,0.09775170981161459
2025-12-08T20:57:30,30.0,35.0,3.4213166130887935,1022.0,1.0,0.09775170998027896
2025-12-08T20:57:30,30.0,35.0,3.4213152650555902,1022.0,1.0,0.09775171011521046
2025-12-08T20:57:30,30.0,35.0,3.4213141866290275,1022.0,1.0,0.09775171022315567
2025-12-08T20:57:30,30.0,35.0,3.421313323887777,1022.0,1.0,0.09775171030951182
2025-12-08T20:57:30,30.0,35.0,3.421312633694777,1022.0,1.0,0.09775171037859676
2025-12-08T20:57:30,30.0,35.0,3.421312081540377,1022.0,1.0,0.0977517104338647
2025-12-08T20:57:30,30.0,35.0,3.421311639816857,1022.0,1.0,0.09775171047807905
2025-12-08T20:57:30,30.0,35.0,3.421311286438041,1022.0,1.0,0.09775171051345054
2025-12-08T20:57:30,30.0,35.0,3.421311003734988,1022.0,1.0,0.09775171054174772
2025-12-08T20:57:30,30.0,35.0,3.4213107775725455,1022.0,1.0,0.09775171056438547
2025-12-08T20:57:30,30.0,35.0,3.421310596642592,1022.0,1.0,0.09775171058249567
2025-12-08T20:57:30,30.0,35.0,3.421310451898629,1022.0,1.0,0.09775171059698383
2025-12-08T20:57:30,30.0,35.0,3.4213103361034585,1023.0,0.0,0.07820136847758707
2025-12-08T20:57:30,30.0,35.0,3.421310243467322,1022.0,1.0,0.08211143691305695
2025-12-08T20:57:30,30.0,35.0,3.4213101693584127,1022.0,1.0,0.08523949166143285
2025-12-08T20:57:30,30.0,35.0,3.4213101100712855,1022.0,1.0,0.08774193546013358
2025-12-08T20:57:30,30.0,35.0,3.4213100626415835,1022.0,1.0,0.08974389049909415
2025-12-08T20:57:30,30.0,35.0,3.421310024697822,1022.0,1.0,0.0913454545302626
2025-12-08T20:57:30,30.0,35.0,3.421309994342813,1022.0,1.0,0.09262670575519738
2025-12-08T20:57:30,30.0,35.0,3.4213099700588057,1022.0,1.0,0.0936517067351452
2025-12-08T20:57:30,30.0,35.0,3.4213099506315996,1022.0,1.0,0.09447170751910344
2025-12-08T20:57:30,30.0,35.0,3.421309935089835,1022.0,1.0,0.09512770814627004
2025-12-08T20:57:30,30.0,35.0,3.421309922656423,1022.0,1.0,0.09565250864800333
2025-12-08T20:57:30,30.0,35.0,3.421309912709694,1022.0,1.0,0.09607234904938995
2025-12-08T20:57:30,30.0,35.0,3.4213099047523103,1022.0,1.0,0.09640822137049926
2025-12-08T20:57:30,30.0,35.0,3.4213098983864034,1022.0,1.0,0.0966769192273867
2025-12-08T20:57:30,30.0,35.0,3.421309893293678,1022.0,1.0,0.09689187751289666
2025-12-08T20:57:30,30.0,35.0,3.4213098892194975,1022.0,1.0,0.09706384414130462
2025-12-08T20:57:30,30.0,35.0,3.421309885960153,1022.0,1.0,0.09720141744403099
2025-12-08T20:57:30,30.0,35.0,3.4213098833526776,1022.0,1.0,0.09731147608621209
2025-12-08T20:57:30,30.0,35.0,3.4213098812666973,1022.0,1.0,0.09739952299995697
2025-12-08T20:57:30,30.0,35.0,3.421309879597913,1022.0,1.0,0.09746996053095287
2025-12-08T20:57:30,30.0,35.0,3.421309878262886,1022.0,1.0,0.09752631055574959
2025-12-08T20:57:30,30.0,35.0,3.421309877194864,1022.0,1.0,0.09757139057558696
2025-12-08T20:57:30,30.0,35.0,3.4213098763404464,1022.0,1.0,0.09760745459145687
2025-12-08T20:57:30,30.0,35.0,3.4213098756569122,1022.0,1.0,0.09763630580415279
2025-12-08T20:57:30,30.0,35.0,3.421309875110085,1022.0,1.0,0.09765938677430953
2025-12-08T20:57:30,30.0,35.0,3.4213098746726236,1022.0,1.0,0.09767785155043492
2025-12-08T20:57:30,30.0,35.0,3.421309874322654,1022.0,1.0,0.09769262337133523
2025-12-08T20:57:30,30.0,35.0,3.4213098740426786,1022.0,1.0,0.09770444082805547
2025-12-08T20:57:30,30.0,35.0,3.421309873818698,1022.0,1.0,0.09771389479343168
2025-12-08T20:57:30,30.0,35.0,3.421309873639514,1022.0,1.0,0.09772145796573263
2025-12-08T20:57:30,30.0,35.0,3.4213098734961664,1022.0,1.0,0.0977275085035734
2025-12-08T20:57:30,30.0,35.0,3.4213098733814884,1022.0,1.0,0.09773234893384601
2025-12-08T20:57:30,30.0,35.0,3.421309873289746,1022.0,1.0,0.0977362212780641
2025-12-08T20:57:30,30.0,35.0,3.421309873216352,1022.0,1.0,0.09773931915343857
2025-12-08T20:57:30,30.0,35.0,3.421309873157637,1022.0,1.0,0.09774179745373815
2025-12-08T20:57:30,30.0,35.0,3.4213098731106646,1022.0,1.0,0.09774378009397781
2025-12-08T20:57:30,30.0,35.0,3.421309873073087,1022.0,1.0,0.09774536620616954
2025-12-08T20:57:30,30.0,35.0,3.421309873043025,1022.0,1.0,0.09774663509592292
2025-12-08T20:57:30,30.0,35.0,3.4213098730189753,1022.0,1.0,0.09774765020772563
2025-12-08T20:57:30,30.0,35.0,3.4213098729997355,1022.0,1.0,0.0977484622971678
2025-12-08T20:57:30,30.0,35.0,3.421309872984344,1022.0,1.0,0.09774911196872153
2025-12-08T20:57:30,30.0,35.0,3.42130987297203,1022.0,1.0,0.09774963170596453
2025-12-08T20:57:30,30.0,35.0,3.4213098729621794,1022.0,1.0,0.09775004749575891
2025-12-08T20:57:30,30.0,35.0,3.4213098729542986,1022.0,1.0,0.09775038012759442
2025-12-08T20:57:30,30.0,35.0,3.4213098729479943,1022.0,1.0,0.09775064623306283
2025-12-08T20:57:30,30.0,35.0,3.4213098729429507,1022.0,1.0,0.09775085911743756
2025-12-08T20:57:30,30.0,35.0,3.4213098729389158,1022.0,1.0,0.09775102942493734
2025-12-08T20:57:30,30.0,35.0,3.4213098729356877,1022.0,1.0,0.09775116567093717
2025-12-08T20:57:30,30.0,35.0,3.4213098729331053,1022.0,1.0,0.09775127466773703
2025-12-08T20:57:30,30.0,35.0,3.4213098729310394,1022.0,1.0,0.09775136186517693
2025-12-08T20:57:30,30.0,35.0,3.421309872929387,1022.0,1.0,0.09775143162312884
2025-12-08T20:57:30,30.0,35.0,3.421309872928065,1022.0,1.0,0.09775148742949037
2025-12-08T20:57:30,30.0,35.0,3.421309872927007,1022.0,1.0,0.0977515320745796
2025-12-08T20:57:30,30.0,35.0,3.421309872926161,1022.0,1.0,0.09775156779065097
2025-12-08T20:57:30,30.0,35.0,3.4213098729254843,1022.0,1.0,0.09775159636350807
2025-12-08T20:57:30,30.0,35.0,3.4213098729249425,1022.0,1.0,0.09775161922179375
2025-12-08T20:57:30,30.0,35.0,3.421309872924509,1022.0,1.0,0.09775163750842229
2025-12-08T20:57:30,30.0,35.0,3.4213098729241627,1022.0,1.0,0.09775165213772513
2025-12-08T20:57:30,30.0,35.0,3.4213098729238856,1022.0,1.0,0.0977516638411674
2025-12-08T20:57:30,30.0,35.0,3.4213098729236635,1022.0,1.0,0.09775167320392121
2025-12-08T20:57:30,30.0,35.0,3.421309872923486,1022.0,1.0,0.09775168069412427
2025-12-08T20:57:30,30.0,35.0,3.4213098729233438,1022.0,1.0,0.09775168668628671
2025-12-08T20:57:30,30.0,35.0,3.42130987292323,1022.0,1.0,0.09775169148001667
2025-12-08T20:57:30,30.0,35.0,3.4213098729231395,1022.0,1.0,0.09775169531500062
2025-12-08T20:57:30,30.0,35.0,3.4213098729230667,1022.0,1.0,0.09775169838298779
2025-12-08T20:57:30,30.0,35.0,3.4213098729230085,1023.0,0.0,0.07820135870639024
2025-12-08T20:57:30,30.0,35.0,3.421309872922962,1022.0,1.0,0.08211142909609948
2025-12-08T20:57:30,30.0,35.0,3.4213098729229245,1022.0,1.0,0.08523948540786687
2025-12-08T20:57:30,30.0,35.0,3.421309872922895,1022.0,1.0,0.08774193045728079
2025-12-08T20:57:30,30.0,35.0,3.4213098729228713,1022.0,1.0,0.08974388649681192
2025-12-08T20:57:30,30.0,35.0,3.421309872922852,1022.0,1.0,0.09134545132843683
2025-12-08T20:57:30,30.0,35.0,3.421309872922837,1022.0,1.0,0.09262670319373675
2025-12-08T20:57:30,30.0,35.0,3.421309872922825,1022.0,1.0,0.0936517046859767
2025-12-08T20:57:30,30.0,35.0,3.4213098729228153,1022.0,1.0,0.09447170587976865
2025-12-08T20:57:30,30.0,35.0,3.4213098729228073,1022.0,1.0,0.09512770683480222
2025-12-08T20:57:30,30.0,35.0,3.421309872922801,1022.0,1.0,0.09565250759882907
2025-12-08T20:57:30,30.0,35.0,3.421309872922796,1022.0,1.0,0.09607234821005055
2025-12-08T20:57:30,30.0,35.0,3.421309872922792,1022.0,1.0,0.09640822069902773
2025-12-08T20:57:30,30.0,35.0,3.421309872922789,1022.0,1.0,0.09667691869020947
2025-12-08T20:57:30,30.0,35.0,3.4213098729227864,1022.0,1.0,0.09689187708315487
2025-12-08T20:57:30,30.0,35.0,3.421309872922784,1022.0,1.0,0.09706384379751119
2025-12-08T20:57:30,30.0,35.0,3.4213098729227824,1022.0,1.0,0.09720141716899625
2025-12-08T20:57:30,30.0,35.0,3.421309872922781,1022.0,1.0,0.09731147586618429
2025-12-08T20:57:30,30.0,35.0,3.42130987292278,1022.0,1.0,0.09739952282393473
2025-12-08T20:57:30,30.0,35.0,3.4213098729227793,1022.0,1.0,0.09746996039013507
2025-12-08T20:57:30,30.0,35.0,3.421309872922779,1022.0,1.0,0.09752631044309536
2025-12-08T20:57:30,30.0,35.0,3.4213098729227784,1022.0,1.0,0.09757139048546358
2025-12-08T20:57:30,30.0,35.0,3.421309872922778,1022.0,1.0,0.09760745451935816
2025-12-08T20:57:30,30.0,35.0,3.4213098729227776,1022.0,1.0,0.09763630574647382
2025-12-08T20:57:30,30.0,35.0,3.421309872922777,1022.0,1.0,0.09765938672816635
2025-12-08T20:57:30,30.0,35.0,3.421309872922777,1022.0,1.0,0.09767785151352038
2025-12-08T20:57:30,30.0,35.0,3.421309872922777,1022.0,1.0,0.09769262334180359
2025-12-08T20:57:30,30.0,35.0,3.421309872922777,1022.0,1.0,0.09770444080443016
2025-12-08T20:57:30,30.0,35.0,3.421309872922777,1022.0,1.0,0.09771389477453142
2025-12-08T20:57:30,30.0,35.0,3.421309872922777,1022.0,1.0,0.09772145795061243
2025-12-08T20:57:30,30.0,35.0,3.421309872922777,1022.0,1.0,0.09772750849147724
2025-12-08T20:57:30,30.0,35.0,3.421309872922777,1022.0,1.0,0.09773234892416909
2025-12-08T20:57:30,30.0,35.0,3.421309872922777,1022.0,1.0,0.09773622127032257
2025-12-08T20:57:30,30.0,35.0,3.421309872922777,1022.0,1.0,0.09773931914724535
2025-12-08T20:57:30,30.0,35.0,3.421309872922777,1022.0,1.0,0.09774179744878357
2025-12-08T20:57:30,30.0,35.0,3.421309872922777,1022.0,1.0,0.09774378009001415
2025-12-08T20:57:30,30.0,35.0,3.421309872922777,1022.0,1.0,0.09774536620299862
2025-12-08T20:57:30,30.0,34.0,3.40175953079179,1022.0,1.0,0.09774663509338619
2025-12-08T20:57:30,30.0,35.0,3.4056695992179873,1022.0,1.0,0.09774765020569624
2025-12-08T20:57:30,30.0,35.0,3.408797653958945,1022.0,1.0,0.09774846229554429
2025-12-08T20:57:30,30.0,35.0,3.4113000977517114,1022.0,1.0,0.09774911196742272
2025-12-08T20:57:30,30.0,34.0,3.393751710654937,1022.0,1.0,0.09774963170492547
2025-12-08T20:57:30,30.0,35.0,3.399263343108505,1022.0,1.0,0.09775004749492767
2025-12-08T20:57:30,30.0,35.0,3.403672649071359,1022.0,1.0,0.09775038012692944
2025-12-08T20:57:30,30.0,35.0,3.4072000938416425,1022.0,1.0,0.09775064623253084
2025-12-08T20:57:30,30.0,35.0,3.410022049657869,1022.0,1.0,0.09775085911701197
2025-12-08T20:57:30,30.0,35.0,3.4122796143108505,1022.0,1.0,0.09775102942459686
2025-12-08T20:57:30,30.0,34.0,3.3945353239022484,1022.0,1.0,0.09775116567066479
2025-12-08T20:57:30,30.0,35.0,3.399890233706354,1022.0,1.0,0.09775127466751912
2025-12-08T20:57:30,30.0,34.0,3.384623819418651,1022.0,1.0,0.09775136186500259
2025-12-08T20:57:30,30.0,35.0,3.391961030119476,1022.0,1.0,0.09775143162298937
2025-12-08T20:57:30,30.0,35.0,3.397830798680136,1022.0,1.0,0.0977514874293788
2025-12-08T20:57:30,30.0,35.0,3.4025266135286643,1022.0,1.0,0.09775153207449033
2025-12-08T20:57:30,30.0,35.0,3.406283265407487,1022.0,1.0,0.09775156779057956
2025-12-08T20:57:30,30.0,35.0,3.4092885869105447,1022.0,1.0,0.09775159636345095
2025-12-08T20:57:30,30.0,35.0,3.411692844112991,1022.0,1.0,0.09775161922174805
2025-12-08T20:57:30,30.0,34.0,3.3940659077439608,1022.0,1.0,0.09775163750838574
2025-12-08T20:57:30,30.0,35.0,3.399514700779724,1022.0,1.0,0.09775165213769589
2025-12-08T20:57:30,30.0,34.0,3.3843233930773473,1022.0,1.0,0.097751663841144
2025-12-08T20:57:30,30.0,35.0,3.391720689046433,1022.0,1.0,0.0977516732039025
2025-12-08T20:57:30,30.0,35.0,3.397638525821702,1022.0,1.0,0.09775168069410929
2025-12-08T20:57:30,30.0,35.0,3.402372795241917,1022.0,1.0,0.09775168668627472
2025-12-08T20:57:30,30.0,34.0,3.3866098686471013,1022.0,1.0,0.09775169148000708
2025-12-08T20:57:30,30.0,35.0,3.393549869502236,1022.0,1.0,0.09775169531499296
2025-12-08T20:57:30,30.0,35.0,3.3991018701863442,1022.0,1.0,0.09775169838298166
2025-12-08T20:57:30,30.0,35.0,3.4035434707336307,1022.0,1.0,0.09775170083737263
2025-12-08T20:57:30,30.0,35.0,3.40709675117146,1022.0,1.0,0.0977517028008854
2025-12-08T20:57:30,30.0,35.0,3.409939375521723,1022.0,1.0,0.09775170437169561
2025-12-08T20:57:30,30.0,34.0,3.3926631328709465,1022.0,1.0,0.09775170562834379
2025-12-08T20:57:30,30.0,35.0,3.3983924808813124,1022.0,1.0,0.09775170663366232
2025-12-08T20:57:30,30.0,34.0,3.383425617158618,1022.0,1.0,0.09775170743791715
2025-12-08T20:57:30,30.0,35.0,3.3910024683114495,1022.0,1.0,0.09775170808132101
2025-12-08T20:57:30,30.0,35.0,3.397063949233715,1022.0,1.0,0.09775170859604411
2025-12-08T20:57:30,30.0,35.0,3.401913133971527,1022.0,1.0,0.09775170900782258
2025-12-08T20:57:30,30.0,35.0,3.405792481761777,1022.0,1.0,0.09775170933724536
2025-12-08T20:57:30,30.0,35.0,3.408895959993977,1022.0,1.0,0.09775170960078358
2025-12-08T20:57:30,30.0,35.0,3.411378742579737,1022.0,1.0,0.09775170981161416
2025-12-08T20:57:30,30.0,34.0,3.3938146265173574,1022.0,1.0,0.09775170998027861
2025-12-08T20:57:30,30.0,35.0,3.399313675798441,1022.0,1.0,0.09775171011521018
2025-12-08T20:57:30,30.0,35.0,3.403712915223308,1022.0,1.0,0.09775171022315544
2025-12-08T20:57:30,30.0,35.0,3.4072323067632015,1022.0,1.0,0.09775171030951164
2025-12-08T20:57:30,30.0,35.0,3.4100478199951163,1022.0,1.0,0.0977517103785966
2025-12-08T20:57:30,30.0,35.0,3.4123002305806485,1022.0,1.0,0.09775171043386457
2025-12-08T20:57:30,30.0,35.0,3.414102159049074,1022.0,1.0,0.09775171047807896
2025-12-08T20:57:30,30.0,35.0,3.4155437018238146,1022.0,1.0,0.09775171051345045
2025-12-08T20:57:30,30.0,34.0,3.3971465939126197,1022.0,1.0,0.09775171054174765
2025-12-08T20:57:30,30.0,35.0,3.401979249714651,1022.0,1.0,0.09775171056438542
2025-12-08T20:57:30,30.0,35.0,3.405845374356276,1022.0,1.0,0.09775171058249563
2025-12-08T20:57:30,30.0,35.0,3.408938274069576,1022.0,1.0,0.0977517105969838
2025-12-08T20:57:30,30.0,35.0,3.411412593840216,1022.0,1.0,0.09775171060857434
2025-12-08T20:57:30,30.0,35.0,3.413392049656728,1022.0,1.0,0.09775171061784677
2025-12-08T20:57:30,30.0,35.0,3.4149756143099377,1022.0,1.0,0.0977517106252647
2025-12-08T20:57:30,30.0,35.0,3.4162424660325055,1022.0,1.0,0.09775171063119906
2025-12-08T20:57:30,30.0,35.0,3.4172559474105597,1022.0,1.0,0.09775171063594654
2025-12-08T20:57:30,30.0,35.0,3.418066732513003,1022.0,1.0,0.09775171063974453
2025-12-08T20:57:30,30.0,34.0,3.3991650184639703,1022.0,1.0,0.09775171064278292
2025-12-08T20:57:30,30.0,35.0,3.4035939893557314,1022.0,1.0,0.09775171064521362
2025-12-08T20:57:30,30.0,35.0,3.4071371660691403,1022.0,1.0,0.0977517106471582
2025-12-08T20:57:30,30.0,34.0,3.3904213653088804,1022.0,1.0,0.09775171064871385
2025-12-08T20:57:30,30.0,35.0,3.3965990668316595,1022.0,1.0,0.09775171064995837
2025-12-08T20:57:30,30.0,34.0,3.3819908859188956,1022.0,1.0,0.09775171065095399
2025-12-08T20:57:30,30.0,35.0,3.3898546833196717,1022.0,1.0,0.09775171065175049
2025-12-08T20:57:30,30.0,35.0,3.3961457212402926,1022.0,1.0,0.09775171065238769
2025-12-08T20:57:30,30.0,35.0,3.4011785515767894,1022.0,1.0,0.09775171065289745
2025-12-08T20:57:30,30.0,35.0,3.4052048158459867,1022.0,1.0,0.09775171065330525
2025-12-08T20:57:30,30.0,35.0,3.4084258272613446,1022.0,1.0,0.09775171065363149
2025-12-08T20:57:30,30.0,35.0,3.411002636393631,1022.0,1.0,0.09775171065389249
2025-12-08T20:57:30,30.0,35.0,3.41306408369946,1022.0,1.0,0.09775171065410128
2025-12-08T20:57:30,30.0,35.0,3.4147132415441233,1022.0,1.0,0.09775171065426831
2025-12-08T20:57:30,30.0,35.0,3.4160325678198538,1022.0,1.0,0.09775171065440194
2025-12-08T20:57:30,30.0,35.0,3.417088028840438,1022.0,1.0,0.09775171065450884
2025-12-08T20:57:30,30.0,35.0,3.4179323976569056,1022.0,1.0,0.09775171065459437
2025-12-08T20:57:30,30.0,35.0,3.41860789271008,1022.0,1.0,0.09775171065466279
2025-12-08T20:57:30,30.0,35.0,3.419148288752619,1022.0,1.0,0.09775171065471752
2025-12-08T20:57:30,30.0,35.0,3.4195806055866504,1022.0,1.0,0.0977517106547613
2025-12-08T20:57:30,30.0,35.0,3.4199264590538756,1022.0,1.0,0.09775171065479633
2025-12-08T20:57:30,30.0,35.0,3.4202031418276557,1022.0,1.0,0.09775171065482437
2025-12-08T20:57:30,30.0,35.0,3.4204244880466796,1022.0,1.0,0.0977517106548468
2025-12-08T20:57:30,30.0,35.0,3.420601565021899,1022.0,1.0,0.09775171065486472
2025-12-08T20:57:30,30.0,35.0,3.4207432266020743,1022.0,1.0,0.09775171065487907
2025-12-08T20:57:30,30.0,34.0,3.4013062137352272,1022.0,1.0,0.09775171065489055
2025-12-08T20:57:30,30.0,34.0,3.3857566034417497,1022.0,1.0,0.09775171065489974
2025-12-08T20:57:30,30.0,34.0,3.3733169152069675,1022.0,1.0,0.09775171065490708
2025-12-08T20:57:30,30.0,34.0,3.363365164619142,1022.0,1.0,0.09775171065491296
2025-12-08T20:57:30,30.0,34.0,3.3554037641488814,1022.0,1.0,0.09775171065491767
2025-12-08T20:57:30,30.0,34.0,3.349034643772673,1022.0,1.0,0.09775171065492143
2025-12-08T20:57:30,30.0,34.0,3.3439393474717063,1022.0,1.0,0.09775171065492444
2025-12-08T20:57:30,30.0,34.0,3.339863110430933,1022.0,1.0,0.09775171065492684
2025-12-08T20:57:30,30.0,34.0,3.3366021207983145,1022.0,1.0,0.09775171065492877
2025-12-08T20:57:30,30.0,34.0,3.3339933290922197,1022.0,1.0,0.09775171065493031
2025-12-08T20:57:30,30.0,34.0,3.3319062957273435,1022.0,1.0,0.09775171065493155
2025-12-08T20:57:30,30.0,34.0,3.330236669035443,1022.0,1.0,0.09775171065493253
2025-12-08T20:57:30,30.0,34.0,3.328900967681922,1022.0,1.0,0.09775171065493332
2025-12-08T20:57:30,30.0,34.0,3.327832406599106,1022.0,1.0,0.09775171065493395
2025-12-08T20:57:30,30.0,34.0,3.3269775577328526,1022.0,1.0,0.09775171065493445
2025-12-08T20:57:30,30.0,34.0,3.3262936786398503,1022.0,1.0,0.09775171065493485
2025-12-08T20:57:30,30.0,34.0,3.3257465753654483,1022.0,1.0,0.09775171065493517
2025-12-08T20:57:30,30.0,34.0,3.3253088927459267,1022.0,1.0,0.09775171065493543
2025-12-08T20:57:30,30.0,35.0,3.3445090887812965,1022.0,1.0,0.09775171065493564
2025-12-08T20:57:30,30.0,34.0,3.340318903478605,1022.0,1.0,0.0977517106549358
2025-12-08T20:57:30,30.0,34.0,3.336966755236452,1022.0,1.0,0.09775171065493594
2025-12-08T20:57:30,30.0,35.0,3.353835378773717,1022.0,1.0,0.09775171065493606
2025-12-08T20:57:30,30.0,34.0,3.3477799354725417,1022.0,1.0,0.09775171065493614
2025-12-08T20:57:30,30.0,35.0,3.3624859229625885,1022.0,1.0,0.09775171065493621
2025-12-08T20:57:30,30.0,34.0,3.3547003708236387,1022.0,1.0,0.09775171065493626
2025-12-08T20:57:30,30.0,35.0,3.368022271243466,1022.0,1.0,0.0977517106549363
2025-12-08T20:57:30,30.0,34.0,3.359129449448341,1022.0,1.0,0.09775171065493633
2025-12-08T20:57:30,30.0,34.0,3.352015192012241,1022.0,1.0,0.09775171065493636
2025-12-08T20:57:30,30.0,34.0,3.3463237860633606,1022.0,1.0,0.09775171065493639
2025-12-08T20:57:30,30.0,34.0,3.3417706613042566,1022.0,1.0,0.0977517106549364
2025-12-08T20:57:30,30.0,34.0,3.3381281614969733,1022.0,1.0,0.09775171065493642
2025-12-08T20:57:30,30.0,34.0,3.335214161651147,1022.0,1.0,0.09775171065493643
2025-12-08T20:57:30,30.0,35.0,3.352433303905473,1022.0,1.0,0.09775171065493644
2025-12-08T20:57:30,30.0,35.0,3.3662086177089336,1022.0,1.0,0.09775171065493644
2025-12-08T20:57:30,30.0,34.0,3.357678526620715,1022.0,1.0,0.09775171065493644
2025-12-08T20:57:30,30.0,35.0,3.3704047958811274,1022.0,1.0,0.09775171065493644
2025-12-08T20:57:30,30.0,34.0,3.36103546915847,1022.0,1.0,0.09775171065493644
2025-12-08T20:57:30,30.0,34.0,3.353540007780344,1022.0,1.0,0.09775171065493644
2025-12-08T20:57:30,30.0,34.0,3.3475436386778434,1022.0,1.0,0.09775171065493644
2025-12-08T20:57:30,30.0,34.0,3.3427465433958425,1022.0,1.0,0.09775171065493644
2025-12-08T20:57:30,30.0,35.0,3.358459209301229,1022.0,1.0,0.09775171065493644
2025-12-08T20:57:30,30.0,35.0,3.3710293420255386,1022.0,1.0,0.09775171065493644
2025-12-08T20:57:30,30.0,35.0,3.381085448204986,1022.0,1.0,0.09775171065493644
2025-12-08T20:57:30,30.0,34.0,3.369579991017557,1022.0,1.0,0.09775171065493644
2025-12-08T20:57:30,30.0,35.0,3.379925967398601,1022.0,1.0,0.09775171065493644
2025-12-08T20:57:30,30.0,35.0,3.388202748503436,1022.0,1.0,0.09775171065493644
2025-12-08T20:57:30,30.0,34.0,3.3752738312563166,1022.0,1.0,0.09775171065493644
2025-12-08T20:57:30,30.0,34.0,3.3649306974586213,1022.0,1.0,0.09775171065493644
2025-12-08T20:57:30,30.0,34.0,3.356656190420465,1022.0,1.0,0.09775171065493644
2025-12-08T20:57:30,30.0,34.0,3.35003658478994,1022.0,1.0,0.09775171065493644
2025-12-08T20:57:30,30.0,35.0,3.364291242416507,1022.0,1.0,0.09775171065493644
2025-12-08T20:57:30,30.0,35.0,3.375694968517761,1022.0,1.0,0.09775171065493644
2025-12-08T20:57:30,30.0,34.0,3.3652676072677767,1022.0,1.0,0.09775171065493644
2025-12-08T20:57:30,30.0,35.0,3.3764760603987765,1022.0,1.0,0.09775171065493644
2025-12-08T20:57:30,30.0,35.0,3.3854428229035762,1022.0,1.0,0.09775171065493644
2025-12-08T20:57:30,30.0,34.0,3.373065890776429,1022.0,1.0,0.09775171065493644
2025-12-08T20:57:30,30.0,35.0,3.3827146872056986,1022.0,1.0,0.09775171065493644
2025-12-08T20:57:30,30.0,34.0,3.370883382218127,1022.0,1.0,0.09775171065493644
2025-12-08T20:57:30,30.0,35.0,3.380968680359057,1022.0,1.0,0.09775171065493644
2025-12-08T20:57:30,30.0,35.0,3.389036918871801,1022.0,1.0,0.09775171065493644
2025-12-08T20:57:30,30.0,34.0,3.3759411675510087,1022.0,1.0,0.09775171065493644
2025-12-08T20:57:30,30.0,35.0,3.385014908625362,1022.0,1.0,0.09775171065493644
2025-12-08T20:57:30,30.0,34.0,3.3727235593538576,1022.0,1.0,0.09775171065493644
2025-12-08T20:57:30,30.0,35.0,3.3824408220676414,1022.0,1.0,0.09775171065493644
2025-12-08T20:57:30,30.0,34.0,3.370664290107681,1022.0,1.0,0.09775171065493644
2025-12-08T20:57:30,30.0,34.0,3.3612430645397127,1022.0,1.0,0.09775171065493644
2025-12-08T20:57:30,30.0,35.0,3.3732564262163254,1022.0,1.0,0.09775171065493644
2025-12-08T20:57:30,30.0,35.0,3.3828671155576155,1022.0,1.0,0.09775171065493644
2025-12-08T20:57:30,30.0,35.0,3.3905556670306476,1022.0,1.0,0.09775171065493644
2025-12-08T20:57:30,30.0,34.0,3.377156166078086,1022.0,1.0,0.09775171065493644
2025-12-08T20:57:30,30.0,35.0,3.385986907447024,1022.0,1.0,0.09775171065493644
2025-12-08T20:57:30,30.0,35.0,3.3930515005421746,1022.0,1.0,0.09775171065493644
2025-12-08T20:57:30,30.0,35.0,3.3987031750182948,1022.0,1.0,0.09775171065493644
2025-12-08T20:57:30,30.0,35.0,3.403224514599191,1022.0,1.0,0.09775171065493644
2025-12-08T20:57:30,30.0,35.0,3.406841586263908,1022.0,1.0,0.09775171065493644
2025-12-08T20:57:30,30.0,35.0,3.409735243595682,1022.0,1.0,0.09775171065493644
2025-12-08T20:57:30,30.0,35.0,3.4120501694611005,1022.0,1.0,0.09775171065493644
2025-12-08T20:57:30,30.0,35.0,3.4139021101534355,1022.0,1.0,0.09775171065493644
2025-12-08T20:57:30,30.0,34.0,3.3958333205763163,1022.0,1.0,0.09775171065493644
2025-12-08T20:57:30,30.0,35.0,3.400928631045608,1022.0,1.0,0.09775171065493644
2025-12-08T20:57:30,30.0,35.0,3.4050048794210417,1022.0,1.0,0.09775171065493644
2025-12-08T20:57:30,30.0,35.0,3.4082658781213886,1022.0,1.0,0.09775171065493644
2025-12-08T20:57:30,30.0,35.0,3.410874677081666,1022.0,1.0,0.09775171065493644
2025-12-08T20:57:30,30.0,35.0,3.412961716249888,1022.0,1.0,0.09775171065493644
2025-12-08T20:57:30,30.0,35.0,3.4146313475844656,1022.0,1.0,0.09775171065493644
2025-12-08T20:57:30,30.0,34.0,3.3964167105211405,1022.0,1.0,0.09775171065493644
2025-12-08T20:57:30,30.0,34.0,3.3818450008704803,1022.0,1.0,0.09775171065493644
2025-12-08T20:57:30,30.0,35.0,3.3897379752809393,1022.0,1.0,0.09775171065493644
2025-12-08T20:57:30,30.0,35.0,3.396052354809307,1023.0,0.0,0.07820136852394916
2025-12-08T20:57:30,30.0,35.0,3.4011038584320006,1022.0,1.0,0.08211143695014661
2025-12-08T20:57:30,30.0,34.0,3.3855947191991684,1022.0,1.0,0.08523949169110458
2025-12-08T20:57:30,30.0,34.0,3.3731874078129027,1022.0,1.0,0.08774193548387095
2025-12-08T20:57:30,30.0,34.0,3.3632615587038903,1022.0,1.0,0.08974389051808405
2025-12-08T20:57:30,30.0,34.0,3.3553208794166802,1022.0,1.0,0.09134545454545454
2025-12-08T20:57:30,30.0,34.0,3.3489683359869122,1022.0,1.0,0.09262670576735092
2025-12-08T20:57:30,30.0,34.0,3.343886301243098,1022.0,1.0,0.09365170674486803
2025-12-08T20:57:30,30.0,34.0,3.3398206734480462,1022.0,1.0,0.09447170752688172
2025-12-08T20:57:30,30.0,34.0,3.3365681712120048,1022.0,1.0,0.09512770815249268
2025-12-08T20:57:30,30.0,34.0,3.3339661694231717,1022.0,1.0,0.09565250865298143
2025-12-08T20:57:30,30.0,34.0,3.3318845679921054,1022.0,1.0,0.09607234905337243
2025-12-08T20:57:30,30.0,34.0,3.330219286847252,1022.0,1.0,0.09640822137368524
2025-12-08T20:57:30,30.0,34.0,3.3288870619313697,1022.0,1.0,0.09667691922993549
2025-12-08T20:57:30,30.0,34.0,3.3278212819986637,1022.0,1.0,0.09689187751493568
2025-12-08T20:57:30,30.0,34.0,3.326968658052499,1022.0,1.0,0.09706384414293584
2025-12-08T20:57:30,30.0,34.0,3.3262865588955672,1022.0,1.0,0.09720141744533596
2025-12-08T20:57:30,30.0,34.0,3.325740879570022,1022.0,1.0,0.09731147608725606
2025-12-08T20:57:30,30.0,34.0,3.3253043361095855,1022.0,1.0,0.09739952300079215
2025-12-08T20:57:30,30.0,34.0,3.3249551013412364,1022.0,1.0,0.097469960531621
2025-12-08T20:57:30,30.0,34.0,3.324675713526557,1022.0,1.0,0.0975263105562841
2025-12-08T20:57:30,30.0,34.0,3.3244522032748134,1022.0,1.0,0.09757139057601456
2025-12-08T20:57:30,30.0,34.0,3.3242733950734187,1022.0,1.0,0.09760745459179894
2025-12-08T20:57:30,30.0,34.0,3.324130348512303,1022.0,1.0,0.09763630580442645
2025-12-08T20:57:30,30.0,34.0,3.3240159112634102,1022.0,1.0,0.09765938677452846
2025-12-08T20:57:30,30.0,34.0,3.323924361464296,1022.0,1.0,0.09767785155061005
2025-12-08T20:57:30,30.0,34.0,3.323851121625005,1022.0,1.0,0.09769262337147534
2025-12-08T20:57:30,30.0,34.0,3.323792529753572,1022.0,1.0,0.09770444082816757
2025-12-08T20:57:30,30.0,34.0,3.323745656256426,1022.0,1.0,0.09771389479352134
2025-12-08T20:57:30,30.0,34.0,3.3237081574587086,1022.0,1.0,0.09772145796580436
2025-12-08T20:57:30,30.0,34.0,3.323678158420535,1022.0,1.0,0.09772750850363078
2025-12-08T20:57:30,30.0,34.0,3.323654159189996,1022.0,1.0,0.09773234893389192
2025-12-08T20:57:30,30.0,34.0,3.323634959805565,1022.0,1.0,0.09773622127810083
2025-12-08T20:57:30,30.0,34.0,3.32361960029802,1022.0,1.0,0.09773931915346797
2025-12-08T20:57:30,30.0,34.0,3.323607312691984,1022.0,1.0,0.09774179745376167
2025-12-08T20:57:30,30.0,34.0,3.323597482607155,1022.0,1.0,0.09774378009399663
2025-12-08T20:57:30,30.0,34.0,3.323589618539292,1022.0,1.0,0.0977453662061846
2025-12-08T20:57:30,30.0,34.0,3.3235833272850015,1022.0,1.0,0.09774663509593497
2025-12-08T20:57:30,30.0,35.0,3.3431286364125565,1022.0,1.0,0.09774765020773526
2025-12-08T20:57:30,30.0,34.0,3.339214541583613,1022.0,1.0,0.0977484622971755
2025-12-08T20:57:30,30.0,34.0,3.3360832657204584,1022.0,1.0,0.0977491119687277
2025-12-08T20:57:30,30.0,34.0,3.3335782450299347,1022.0,1.0,0.09774963170596945
2025-12-08T20:57:30,30.0,34.0,3.331574228477516,1022.0,1.0,0.09775004749576285
2025-12-08T20:57:30,30.0,35.0,3.349521357366568,1022.0,1.0,0.09775038012759758
2025-12-08T20:57:30,30.0,34.0,3.3443287183468224,1023.0,0.0,0.07820030410207807
2025-12-08T20:57:30,30.0,34.0,3.340174607131026,1022.0,1.0,0.08211058541264975
2025-12-08T20:57:30,30.0,34.0,3.3368513181583888,1022.0,1.0,0.0852388104611071
2025-12-08T20:57:30,30.0,34.0,3.334192686980279,1022.0,1.0,0.08774139049987296
2025-12-08T20:57:30,30.0,34.0,3.3320657820377915,1022.0,1.0,0.08974345453088567
2025-12-08T20:57:30,30.0,34.0,3.3303642580838013,1022.0,1.0,0.09134510575569582
2025-12-08T20:57:30,30.0,34.0,3.329003038920609,1022.0,1.0,0.09262642673554394
2025-12-08T20:57:30,30.0,34.0,3.3279140635900553,1022.0,1.0,0.09365148351942244
2025-12-08T20:57:30,30.0,34.0,3.3270428833256123,1022.0,1.0,0.09447152894652525
2025-12-08T20:57:30,30.0,34.0,3.326345939114058,1022.0,1.0,0.0951275652882075
2025-12-08T20:57:30,30.0,34.0,3.3257883837448143,1022.0,1.0,0.09565239436155329
2025-12-08T20:57:30,30.0,34.0,3.3253423394494193,1022.0,1.0,0.09607225762022993
2025-12-08T20:57:30,30.0,34.0,3.3249855040131036,1022.0,1.0,0.09640814822717124
2025-12-08T20:57:30,30.0,34.0,3.324700035664051,1022.0,1.0,0.09667686071272429
2025-12-08T20:57:30,30.0,34.0,3.3244716609848086,1022.0,1.0,0.09689183070116672
2025-12-08T20:57:30,30.0,34.0,3.324288961241415,1022.0,1.0,0.09706380669192068
2025-12-08T20:57:30,30.0,34.0,3.3241428014467,1022.0,1.0,0.09720138748452384
2025-12-08T20:57:30,30.0,34.0,3.324025873610928,1022.0,1.0,0.09731145211860637
2025-12-08T20:57:30,30.0,35.0,3.3434826734732974,1022.0,1.0,0.09739950382587238
2025-12-08T20:57:30,30.0,34.0,3.339497771232206,1022.0,1.0,0.0974699451916852
2025-12-08T20:57:30,30.0,34.0,3.3363098494393326,1022.0,1.0,0.09752629828433546
2025-12-08T20:57:30,30.0,34.0,3.333759512005034,1022.0,1.0,0.09757138075845566
2025-12-08T20:57:30,30.0,34.0,3.3317192420575954,1022.0,1.0,0.09760744673775182
2025-12-08T20:57:30,30.0,34.0,3.3300870260996445,1022.0,1.0,0.09763629952118875
2025-12-08T20:57:30,30.0,34.0,3.3287812533332835,1022.0,1.0,0.0976593817479383
2025-12-08T20:57:30,30.0,34.0,3.327736635120195,1022.0,1.0,0.09767784752933793
2025-12-08T20:57:30,30.0,34.0,3.326900940549724,1022.0,1.0,0.09769262015445764
2025-12-08T20:57:30,30.0,34.0,3.326232384893347,1022.0,1.0,0.0977044382545534
2025-12-08T20:57:30,30.0,34.0,3.3256975403682456,1022.0,1.0,0.09771389273463
2025-12-08T20:57:30,30.0,34.0,3.3252696647481645,1022.0,1.0,0.0977214563186913
2025-12-08T20:57:30,30.0,34.0,3.3249273642521,1022.0,1.0,0.09772750718594032
2025-12-08T20:57:30,30.0,34.0,3.3246535238552477,1022.0,1.0,0.09773234787973956
2025-12-08T20:57:30,30.0,34.0,3.324434451537766,1022.0,1.0,0.09773622043477893
2025-12-08T20:57:30,30.0,34.0,3.3242591936837806,1022.0,1.0,0.09773931847881044
2025-12-08T20:57:30,30.0,34.0,3.3241189874005923,1022.0,1.0,0.09774179691403564
2025-12-08T20:57:30,30.0,34.0,3.324006822374042,1022.0,1.0,0.09774377966221581
2025-12-08T20:57:30,30.0,34.0,3.3239170903528015,1022.0,1.0,0.09774536586075995
2025-12-08T20:57:30,30.0,34.0,3.323845304735809,1022.0,1.0,0.09774663481959525
2025-12-08T20:57:30,30.0,34.0,3.323787876242215,1022.0,1.0,0.09774764998666349
2025-12-08T20:57:30,30.0,34.0,3.32374193344734,1022.0,1.0,0.09774846212031808
2025-12-08T20:57:30,30.0,34.0,3.32370517921144,1022.0,1.0,0.09774911182724176
2025-12-08T20:57:30,30.0,34.0,3.32367577582272,1022.0,1.0,0.0977496315927807
2025-12-08T20:57:30,30.0,34.0,3.323652253111744,1023.0,0.0,0.07819970527422457
2025-12-08T20:57:30,30.0,34.0,3.323633434942963,1022.0,1.0,0.08211010635036695
2025-12-08T20:57:30,30.0,34.0,3.323618380407938,1022.0,1.0,0.08523842721128085
2025-12-08T20:57:30,30.0,34.0,3.3236063367799185,1022.0,1.0,0.08774108390001197
2025-12-08T20:57:30,30.0,35.0,3.34314704400849,1022.0,1.0,0.08974320925099687
2025-12-08T20:57:30,30.0,35.0,3.358779609791347,1022.0,1.0,0.09134490953178478
2025-12-08T20:57:30,30.0,34.0,3.3517353202866453,1022.0,1.0,0.09262626975641512
2025-12-08T20:57:30,30.0,34.0,3.3460998886828843,1022.0,1.0,0.0936513579361194
2025-12-08T20:57:30,30.0,34.0,3.3415915433998755,1022.0,1.0,0.09447142847988281
2025-12-08T20:57:30,30.0,34.0,3.337984867173468,1022.0,1.0,0.09512748491489355
2025-12-08T20:57:30,30.0,34.0,3.3350995261923426,1022.0,1.0,0.09565233006290214
2025-12-08T20:57:30,30.0,34.0,3.332791253407442,1022.0,1.0,0.096072206181309
2025-12-08T20:57:30,30.0,34.0,3.3309446351795216,1022.0,1.0,0.09640810707603449
2025-12-08T20:57:30,30.0,34.0,3.3294673405971853,1022.0,1.0,0.09667682779181488
2025-12-08T20:57:30,30.0,34.0,3.328285504931316,1022.0,1.0,0.0968918043644392
2025-12-08T20:57:30,30.0,34.0,3.327340036398621,1022.0,1.0,0.09706378562253866
2025-12-08T20:57:30,30.0,34.0,3.3265836615724647,1022.0,1.0,0.09720137062901822
2025-12-08T20:57:30,30.0,34.0,3.3259785617115396,1022.0,1.0,0.09731143863420187
2025-12-08T20:57:30,30.0,34.0,3.3254944818228,1022.0,1.0,0.09739949303834879
2025-12-08T20:57:30,30.0,34.0,3.3251072179118077,1022.0,1.0,0.09746993656166632
2025-12-08T20:57:30,30.0,34.0,3.324797406783014,1022.0,1.0,0.09752629138032035
2025-12-08T20:57:30,30.0,34.0,3.3245495578799793,1022.0,1.0,0.09757137523524358
2025-12-08T20:57:30,30.0,34.0,3.3243512787575513,1022.0,1.0,0.09760744231918216
2025-12-08T20:57:30,30.0,34.0,3.324192655459609,1022.0,1.0,0.09763629598633301
2025-12-08T20:57:30,30.0,34.0,3.324065756821255,1022.0,1.0,0.0976593789200537
2025-12-08T20:57:30,30.0,34.0,3.323964237910572,1022.0,1.0,0.09767784526703026
2025-12-08T20:57:30,30.0,34.0,3.3238830227820255,1022.0,1.0,0.0976926183446115
2025-12-08T20:57:30,30.0,34.0,3.3238180506791886,1022.0,1.0,0.0977044368066765
2025-12-08T20:57:30,30.0,34.0,3.3237660729969187,1022.0,1.0,0.0977138915763285
2025-12-08T20:57:30,30.0,34.0,3.3237244908511028,1022.0,1.0,0.09772145539205009
2025-12-08T20:57:30,30.0,34.0,3.3236912251344504,1022.0,1.0,0.09772750644462737
2025-12-08T20:57:30,30.0,34.0,3.3236646125611284,1022.0,1.0,0.09773234728668918
2025-12-08T20:57:30,30.0,34.0,3.3236433225024706,1022.0,1.0,0.09773621996033864
2025-12-08T20:57:30,30.0,34.0,3.3236262904555445,1022.0,1.0,0.0977393180992582
2025-12-08T20:57:30,30.0,34.0,3.3236126648180035,1022.0,1.0,0.09774179661039385
2025-12-08T20:57:30,30.0,34.0,3.3236017643079707,1022.0,1.0,0.09774377941930237
2025-12-08T20:57:30,30.0,34.0,3.3235930438999444,1022.0,1.0,0.09774536566642919
2025-12-08T20:57:30,30.0,34.0,3.3235860675735234,1022.0,1.0,0.09774663466413065
2025-12-08T20:57:30,30.0,34.0,3.3235804865123866,1022.0,1.0,0.09774764986229181
2025-12-08T20:57:30,30.0,34.0,3.3235760216634773,1022.0,1.0,0.09774846202082074
2025-12-08T20:57:30,30.0,34.0,3.3235724497843497,1022.0,1.0,0.09774911174764389
2025-12-08T20:57:30,30.0,34.0,3.3235695922810478,1022.0,1.0,0.0977496315291024
2025-12-08T20:57:30,30.0,34.0,3.3235673062784064,1022.0,1.0,0.09775004735426922
2025-12-08T20:57:30,30.0,34.0,3.323565477476293,1022.0,1.0,0.09775038001440267
2025-12-08T20:57:30,30.0,34.0,3.3235640144346026,1022.0,1.0,0.09775064614250943
2025-12-08T20:57:30,30.0,34.0,3.32356284400125,1022.0,1.0,0.09775085904499484
2025-12-08T20:57:30,30.0,34.0,3.323561907654568,1022.0,1.0,0.09775102936698317
2025-12-08T20:57:30,30.0,34.0,3.3235611585772227,1022.0,1.0,0.09775116562457382
2025-12-08T20:57:30,30.0,34.0,3.323560559315346,1022.0,1.0,0.09775127463064635
2025-12-08T20:57:30,30.0,34.0,3.3235600799058447,1022.0,1.0,0.09775136183550438
2025-12-08T20:57:30,30.0,34.0,3.323559696378244,1022.0,1.0,0.0977514315993908
2025-12-08T20:57:30,30.0,34.0,3.3235593895561633,1022.0,1.0,0.09775148741049994
2025-12-08T20:57:30,30.0,34.0,3.3235591440984984,1022.0,1.0,0.09775153205938725
2025-12-08T20:57:30,30.0,34.0,3.3235589477323666,1022.0,1.0,0.0977515677784971
2025-12-08T20:57:30,30.0,34.0,3.3235587906394612,1022.0,1.0,0.09775159635378497
2025-12-08T20:57:30,30.0,34.0,3.323558664965137,1022.0,1.0,0.09775161921401528
2025-12-08T20:57:30,30.0,34.0,3.3235585644256775,1022.0,1.0,0.09775163750219952
2025-12-08T20:57:30,30.0,34.0,3.32355848399411,1022.0,1.0,0.0977516521327469
2025-12-08T20:57:30,30.0,34.0,3.323558419648856,1022.0,1.0,0.09775166383718482
2025-12-08T20:57:30,30.0,34.0,3.3235583681726526,1022.0,1.0,0.09775167320073515
2025-12-08T20:57:30,30.0,34.0,3.32355832699169,1022.0,1.0,0.09775168069157542
2025-12-08T20:57:30,30.0,34.0,3.32355829404692,1022.0,1.0,0.09775168668424762
2025-12-08T20:57:30,30.0,34.0,3.3235582676911037,1022.0,1.0,0.09775169147838539
2025-12-08T20:57:30,30.0,34.0,3.323558246606451,1022.0,1.0,0.09775169531369561
2025-12-08T20:57:30,30.0,34.0,3.3235582297387287,1022.0,1.0,0.09775169838194378
2025-12-08T20:57:30,30.0,34.0,3.323558216244551,1022.0,1.0,0.09775170083654232
2025-12-08T20:57:30,30.0,34.0,3.3235582054492085,1022.0,1.0,0.09775170280022115
2025-12-08T20:57:30,30.0,34.0,3.3235581968129346,1022.0,1.0,0.09775170437116422
2025-12-08T20:57:30,30.0,34.0,3.3235581899039155,1022.0,1.0,0.09775170562791867
2025-12-08T20:57:30,30.0,34.0,3.3235581843767004,1022.0,1.0,0.09775170663332224
2025-12-08T20:57:30,30.0,34.0,3.323558179954928,1022.0,1.0,0.09775170743764508
2025-12-08T20:57:30,30.0,34.0,3.3235581764175106,1022.0,1.0,0.09775170808110335
2025-12-08T20:57:30,30.0,34.0,3.3235581735875765,1022.0,1.0,0.09775170859586997
2025-12-08T20:57:30,30.0,34.0,3.3235581713236293,1022.0,1.0,0.09775170900768328
2025-12-08T20:57:30,30.0,34.0,3.3235581695124714,1022.0,1.0,0.09775170933713391
2025-12-08T20:57:30,30.0,34.0,3.323558168063545,1022.0,1.0,0.09775170960069442
2025-12-08T20:57:30,30.0,34.0,3.323558166904404,1022.0,1.0,0.09775170981154283
2025-12-08T20:57:30,30.0,34.0,3.323558165977091,1022.0,1.0,0.09775170998022155
2025-12-08T20:57:30,30.0,34.0,3.323558165235241,1022.0,1.0,0.09775171011516454
2025-12-08T20:57:30,30.0,34.0,3.3235581646417605,1022.0,1.0,0.09775171022311892
2025-12-08T20:57:30,30.0,34.0,3.3235581641669762,1022.0,1.0,0.09775171030948243
2025-12-08T20:57:30,30.0,34.0,3.323558163787149,1022.0,1.0,0.09775171037857323
2025-12-08T20:57:30,30.0,34.0,3.323558163483287,1022.0,1.0,0.09775171043384588
2025-12-08T20:57:30,30.0,34.0,3.3235581632401976,1022.0,1.0,0.097751710478064
2025-12-08T20:57:30,30.0,34.0,3.323558163045726,1022.0,1.0,0.09775171051343849
2025-12-08T20:57:30,30.0,34.0,3.3235581628901487,1022.0,1.0,0.09775171054173809
2025-12-08T20:57:30,30.0,34.0,3.323558162765687,1022.0,1.0,0.09775171056437777
2025-12-08T20:57:30,30.0,34.0,3.3235581626661177,1022.0,1.0,0.0977517105824895
2025-12-08T20:57:30,30.0,34.0,3.3235581625864623,1022.0,1.0,0.0977517105969789
2025-12-08T20:57:30,30.0,34.0,3.3235581625227377,1022.0,1.0,0.09775171060857042
2025-12-08T20:57:30,30.0,34.0,3.323558162471758,1022.0,1.0,0.09775171061784363
2025-12-08T20:57:30,30.0,34.0,3.3235581624309742,1022.0,1.0,0.0977517106252622
2025-12-08T20:57:30,30.0,34.0,3.3235581623983474,1022.0,1.0,0.09775171063119704
2025-12-08T20:57:30,30.0,34.0,3.323558162372246,1022.0,1.0,0.09775171063594493
2025-12-08T20:57:30,30.0,34.0,3.323558162351365,1022.0,1.0,0.09775171063974324
2025-12-08T20:57:30,30.0,34.0,3.32355816233466,1022.0,1.0,0.09775171064278189
2025-12-08T20:57:30,30.0,34.0,3.323558162321296,1022.0,1.0,0.0977517106452128
2025-12-08T20:57:30,30.0,34.0,3.3235581623106047,1022.0,1.0,0.09775171064715754
2025-12-08T20:57:30,30.0,34.0,3.3235581623020516,1022.0,1.0,0.09775171064871332
2025-12-08T20:57:30,30.0,34.0,3.323558162295209,1022.0,1.0,0.09775171064995795
2025-12-08T20:57:30,30.0,34.0,3.323558162289735,1022.0,1.0,0.09775171065095366
2025-12-08T20:57:30,30.0,34.0,3.323558162285356,1022.0,1.0,0.09775171065175021
2025-12-08T20:57:30,30.0,34.0,3.3235581622818526,1022.0,1.0,0.09775171065238747
2025-12-08T20:57:30,30.0,34.0,3.32355816227905,1022.0,1.0,0.09775171065289727
2025-12-08T20:57:30,30.0,34.0,3.323558162276808,1022.0,1.0,0.09775171065330511
2025-12-08T20:57:30,30.0,34.0,3.323558162275014,1022.0,1.0,0.09775171065363138
2025-12-08T20:57:30,30.0,34.0,3.3235581622735793,1022.0,1.0,0.09775171065389239
2025-12-08T20:57:30,30.0,34.0,3.3235581622724313,1022.0,1.0,0.09775171065410121
2025-12-08T20:57:30,30.0,34.0,3.323558162271513,1022.0,1.0,0.09775171065426826
2025-12-08T20:57:30,30.0,34.0,3.3235581622707784,1022.0,1.0,0.0977517106544019
2025-12-08T20:57:30,30.0,34.0,3.323558162270191,1022.0,1.0,0.09775171065450881
2025-12-08T20:57:30,30.0,34.0,3.3235581622697206,1022.0,1.0,0.09775171065459434
2025-12-08T20:57:30,30.0,34.0,3.3235581622693444,1022.0,1.0,0.09775171065466277
2025-12-08T20:57:30,30.0,34.0,3.3235581622690433,1022.0,1.0,0.09775171065471751
2025-12-08T20:57:30,30.0,34.0,3.3235581622688026,1022.0,1.0,0.0977517106547613
2025-12-08T20:57:30,30.0,34.0,3.32355816226861,1022.0,1.0,0.09775171065479633
2025-12-08T20:57:30,30.0,34.0,3.323558162268456,1022.0,1.0,0.09775171065482437
2025-12-08T20:57:30,30.0,34.0,3.323558162268333,1022.0,1.0,0.0977517106548468
2025-12-08T20:57:30,30.0,34.0,3.323558162268234,1022.0,1.0,0.09775171065486472
2025-12-08T20:57:30,30.0,34.0,3.323558162268155,1022.0,1.0,0.09775171065487907
2025-12-08T20:57:30,30.0,34.0,3.323558162268092,1022.0,1.0,0.09775171065489055
2025-12-08T20:57:30,30.0,34.0,3.3235581622680415,1022.0,1.0,0.09775171065489974
2025-12-08T20:57:30,30.0,34.0,3.323558162268001,1022.0,1.0,0.09775171065490708
2025-12-08T20:57:30,30.0,34.0,3.3235581622679686,1022.0,1.0,0.09775171065491296
2025-12-08T20:57:30,30.0,34.0,3.323558162267943,1022.0,1.0,0.09775171065491767
2025-12-08T20:57:30,30.0,34.0,3.3235581622679224,1022.0,1.0,0.09775171065492143
2025-12-08T20:57:30,30.0,34.0,3.323558162267906,1022.0,1.0,0.09775171065492444
2025-12-08T20:57:30,30.0,34.0,3.3235581622678927,1022.0,1.0,0.09775171065492684
2025-12-08T20:57:30,30.0,34.0,3.323558162267882,1022.0,1.0,0.09775171065492877
2025-12-08T20:57:30,30.0,34.0,3.3235581622678736,1022.0,1.0,0.09775171065493031
2025-12-08T20:57:30,30.0,34.0,3.323558162267867,1022.0,1.0,0.09775171065493155
2025-12-08T20:57:30,30.0,34.0,3.3235581622678616,1022.0,1.0,0.09775171065493253
2025-12-08T20:57:30,30.0,34.0,3.323558162267857,1022.0,1.0,0.09775171065493332
2025-12-08T20:57:30,30.0,34.0,3.3235581622678536,1022.0,1.0,0.09775171065493395
2025-12-08T20:57:30,30.0,34.0,3.323558162267851,1022.0,1.0,0.09775171065493445
2025-12-08T20:57:30,30.0,34.0,3.3235581622678487,1022.0,1.0,0.09775171065493485
2025-12-08T20:57:30,30.0,34.0,3.323558162267847,1022.0,1.0,0.09775171065493517
2025-12-08T20:57:30,30.0,34.0,3.3235581622678456,1022.0,1.0,0.09775171065493543
2025-12-08T20:57:30,30.0,34.0,3.3235581622678443,1022.0,1.0,0.09775171065493564
2025-12-08T20:57:30,30.0,34.0,3.3235581622678434,1022.0,1.0,0.0977517106549358
2025-12-08T20:57:30,30.0,34.0,3.3235581622678425,1022.0,1.0,0.09775171065493594
2025-12-08T20:57:30,30.0,34.0,3.323558162267842,1022.0,1.0,0.09775171065493606
2025-12-08T20:57:30,30.0,34.0,3.3235581622678416,1022.0,1.0,0.09775171065493614
2025-12-08T20:57:30,30.0,34.0,3.323558162267841,1022.0,1.0,0.09775171065493621
2025-12-08T20:57:30,30.0,34.0,3.3235581622678407,1022.0,1.0,0.09775171065493626
2025-12-08T20:57:30,30.0,34.0,3.3235581622678407,1022.0,1.0,0.0977517106549363
2025-12-08T20:57:30,30.0,34.0,3.3235581622678407,1022.0,1.0,0.09775171065493633
2025-12-08T20:57:30,30.0,34.0,3.3235581622678407,1022.0,1.0,0.09775171065493636
2025-12-08T20:57:30,30.0,34.0,3.3235581622678407,1022.0,1.0,0.09775171065493639
2025-12-08T20:57:30,30.0,34.0,3.3235581622678407,1022.0,1.0,0.0977517106549364
2025-12-08T20:57:30,30.0,34.0,3.3235581622678407,1022.0,1.0,0.09775171065493642
2025-12-08T20:57:30,30.0,34.0,3.3235581622678407,1022.0,1.0,0.09775171065493643
2025-12-08T20:57:30,30.0,34.0,3.3235581622678407,1022.0,1.0,0.09775171065493644
2025-12-08T20:57:30,30.0,34.0,3.3235581622678407,1022.0,1.0,0.09775171065493644
2025-12-08T20:57:30,30.0,34.0,3.3235581622678407,1022.0,1.0,0.09775171065493644
2025-12-08T20:57:30,30.0,34.0,3.3235581622678407,1022.0,1.0,0.09775171065493644
2025-12-08T20:57:30,30.0,34.0,3.3235581622678407,1022.0,1.0,0.09775171065493644
2025-12-08T20:57:30,30.0,34.0,3.3235581622678407,1022.0,1.0,0.09775171065493644
2025-12-08T20:57:30,30.0,34.0,3.3235581622678407,1022.0,1.0,0.09775171065493644
2025-12-08T20:57:30,30.0,34.0,3.3235581622678407,1022.0,1.0,0.09775171065493644
2025-12-08T20:57:30,30.0,34.0,3.3235581622678407,1022.0,1.0,0.09775171065493644
2025-12-08T20:57:30,30.0,34.0,3.3235581622678407,1022.0,1.0,0.09775171065493644
2025-12-08T20:57:30,30.0,34.0,3.3235581622678407,1022.0,1.0,0.09775171065493644
2025-12-08T20:57:30,30.0,34.0,3.3235581622678407,1022.0,1.0,0.09775171065493644
2025-12-08T20:57:30,30.0,34.0,3.3235581622678407,1022.0,1.0,0.09775171065493644
2025-12-08T20:57:30,30.0,34.0,3.3235581622678407,1022.0,1.0,0.09775171065493644
2025-12-08T20:57:30,30.0,34.0,3.3235581622678407,1022.0,1.0,0.09775171065493644
2025-12-08T20:57:30,30.0,34.0,3.3235581622678407,1022.0,1.0,0.09775171065493644
2025-12-08T20:57:30,30.0,34.0,3.3235581622678407,1022.0,1.0,0.09775171065493644
2025-12-08T20:57:30,30.0,34.0,3.3235581622678407,1022.0,1.0,0.09775171065493644
2025-12-08T20:57:30,30.0,34.0,3.3235581622678407,1022.0,1.0,0.09775171065493644
2025-12-08T20:57:30,30.0,34.0,3.3235581622678407,1022.0,1.0,0.09775171065493644
2025-12-08T20:57:30,30.0,34.0,3.3235581622678407,1022.0,1.0,0.09775171065493644
2025-12-08T20:57:30,30.0,34.0,3.3235581622678407,1022.0,1.0,0.09775171065493644
2025-12-08T20:57:30,30.0,34.0,3.3235581622678407,1022.0,1.0,0.09775171065493644
2025-12-08T20:57:30,30.0,34.0,3.3235581622678407,1022.0,1.0,0.09775171065493644
2025-12-08T20:57:30,30.0,34.0,3.3235581622678407,1022.0,1.0,0.09775171065493644
2025-12-08T20:57:30,30.0,34.0,3.3235581622678407,1022.0,1.0,0.09775171065493644
2025-12-08T20:57:30,30.0,34.0,3.3235581622678407,1022.0,1.0,0.09775171065493644
2025-12-08T20:57:30,30.0,34.0,3.3235581622678407,1022.0,1.0,0.09775171065493644
2025-12-08T20:57:30,30.0,34.0,3.3235581622678407,1022.0,1.0,0.09775171065493644
2025-12-08T20:57:30,30.0,34.0,3.3235581622678407,1022.0,1.0,0.09775171065493644
2025-12-08T20:57:30,30.0,34.0,3.3235581622678407,1022.0,1.0,0.09775171065493644
2025-12-08T20:57:30,30.0,34.0,3.3235581622678407,1022.0,1.0,0.09775171065493644
2025-12-08T20:57:30,30.0,34.0,3.3235581622678407,1022.0,1.0,0.09775171065493644
2025-12-08T20:57:30,30.0,34.0,3.3235581622678407,1022.0,1.0,0.09775171065493644
2025-12-08T20:57:30,30.0,34.0,3.3235581622678407,1022.0,1.0,0.09775171065493644
2025-12-08T20:57:30,30.0,34.0,3.3235581622678407,1022.0,1.0,0.09775171065493644
2025-12-08T20:57:30,30.0,34.0,3.3235581622678407,1022.0,1.0,0.09775171065493644
2025-12-08T20:57:30,30.0,34.0,3.3235581622678407,1022.0,1.0,0.09775171065493644
2025-12-08T20:57:30,30.0,34.0,3.3235581622678407,1022.0,1.0,0.09775171065493644
2025-12-08T20:57:30,30.0,34.0,3.3235581622678407,1022.0,1.0,0.09775171065493644
2025-12-08T20:57:30,30.0,34.0,3.3235581622678407,1022.0,1.0,0.09775171065493644
2025-12-08T20:57:30,30.0,34.0,3.3235581622678407,1022.0,1.0,0.09775171065493644
2025-12-08T20:57:30,30.0,34.0,3.3235581622678407,1022.0,1.0,0.09775171065493644
2025-12-08T20:57:30,30.0,34.0,3.3235581622678407,1022.0,1.0,0.09775171065493644
2025-12-08T20:57:30,30.0,34.0,3.3235581622678407,1022.0,1.0,0.09775171065493644
2025-12-08T20:57:30,30.0,34.0,3.3235581622678407,1022.0,1.0,0.09775171065493644
2025-12-08T20:57:30,30.0,34.0,3.3235581622678407,1022.0,1.0,0.09775171065493644
2025-12-08T20:57:30,30.0,34.0,3.3235581622678407,1022.0,1.0,0.09775171065493644
2025-12-08T20:57:30,30.0,34.0,3.3235581622678407,1022.0,1.0,0.09775171065493644
2025-12-08T20:57:30,30.0,34.0,3.3235581622678407,1022.0,1.0,0.09775171065493644
2025-12-08T20:57:30,30.0,34.0,3.3235581622678407,1022.0,1.0,0.09775171065493644
2025-12-08T20:57:30,30.0,34.0,3.3235581622678407,1022.0,1.0,0.09775171065493644
2025-12-08T20:57:30,30.0,34.0,3.3235581622678407,1022.0,1.0,0.09775171065493644
2025-12-08T20:57:30,30.0,34.0,3.3235581622678407,1022.0,1.0,0.09775171065493644
2025-12-08T20:57:30,30.0,34.0,3.3235581622678407,1022.0,1.0,0.09775171065493644
2025-12-08T20:57:30,30.0,34.0,3.3235581622678407,1022.0,1.0,0.09775171065493644
2025-12-08T20:57:30,30.0,34.0,3.3235581622678407,1022.0,1.0,0.09775171065493644
2025-12-08T20:57:30,30.0,34.0,3.3235581622678407,1022.0,1.0,0.09775171065493644
2025-12-08T20:57:30,30.0,34.0,3.3235581622678407,1022.0,1.0,0.09775171065493644
2025-12-08T20:57:30,30.0,34.0,3.3235581622678407,1022.0,1.0,0.09775171065493644
2025-12-08T20:57:30,30.0,34.0,3.3235581622678407,1022.0,1.0,0.09775171065493644
2025-12-08T20:57:30,30.0,34.0,3.3235581622678407,1022.0,1.0,0.09775171065493644
2025-12-08T20:57:30,30.0,34.0,3.3235581622678407,1022.0,1.0,0.09775171065493644
2025-12-08T20:57:30,30.0,34.0,3.3235581622678407,1022.0,1.0,0.09775171065493644
2025-12-08T20:57:30,30.0,34.0,3.3235581622678407,1022.0,1.0,0.09775171065493644
2025-12-08T20:57:30,30.0,34.0,3.3235581622678407,1022.0,1.0,0.09775171065493644
2025-12-08T20:57:30,30.0,34.0,3.3235581622678407,1022.0,1.0,0.09775171065493644
2025-12-08T20:57:30,30.0,34.0,3.3235581622678407,1022.0,1.0,0.09775171065493644
2025-12-08T20:57:30,30.0,34.0,3.3235581622678407,1022.0,1.0,0.09775171065493644
2025-12-08T20:57:30,30.0,34.0,3.3235581622678407,1022.0,1.0,0.09775171065493644
2025-12-08T20:57:30,30.0,34.0,3.3235581622678407,1023.0,0.0,0.07820136852394916
2025-12-08T20:57:30,30.0,34.0,3.3235581622678407,1022.0,1.0,0.08211143695014661
2025-12-08T20:57:30,30.0,34.0,3.3235581622678407,1022.0,1.0,0.08523949169110458
2025-12-08T20:57:30,30.0,34.0,3.3235581622678407,1022.0,1.0,0.08774193548387095
2025-12-08T20:57:30,30.0,34.0,3.3235581622678407,1022.0,1.0,0.08974389051808405
2025-12-08T20:57:30,30.0,34.0,3.3235581622678407,1022.0,1.0,0.09134545454545454
2025-12-08T20:57:30,30.0,34.0,3.3235581622678407,1022.0,1.0,0.09262670576735092
2025-12-08T20:57:30,30.0,34.0,3.3235581622678407,1022.0,1.0,0.09365170674486803
2025-12-08T20:57:30,30.0,34.0,3.3235581622678407,1022.0,1.0,0.09447170752688172
2025-12-08T20:57:30,30.0,34.0,3.3235581622678407,1022.0,1.0,0.09512770815249268
2025-12-08T20:57:30,30.0,34.0,3.3235581622678407,1022.0,1.0,0.09565250865298143
2025-12-08T20:57:30,30.0,34.0,3.3235581622678407,1022.0,1.0,0.09607234905337243
2025-12-08T20:57:30,30.0,34.0,3.3235581622678407,1022.0,1.0,0.09640822137368524
2025-12-08T20:57:30,30.0,34.0,3.3235581622678407,1022.0,1.0,0.09667691922993549
2025-12-08T20:57:30,30.0,34.0,3.3235581622678407,1022.0,1.0,0.09689187751493568
2025-12-08T20:57:30,30.0,34.0,3.3235581622678407,1022.0,1.0,0.09706384414293584
2025-12-08T20:57:30,30.0,34.0,3.3235581622678407,1022.0,1.0,0.09720141744533596
2025-12-08T20:57:30,30.0,34.0,3.3235581622678407,1022.0,1.0,0.09731147608725606
2025-12-08T20:57:30,30.0,34.0,3.3235581622678407,1022.0,1.0,0.09739952300079215
2025-12-08T20:57:30,30.0,34.0,3.3235581622678407,1022.0,1.0,0.097469960531621
2025-12-08T20:57:30,30.0,34.0,3.3235581622678407,1022.0,1.0,0.0975263105562841
2025-12-08T20:57:30,30.0,34.0,3.3235581622678407,1022.0,1.0,0.09757139057601456
2025-12-08T20:57:30,30.0,34.0,3.3235581622678407,1022.0,1.0,0.09760745459179894
2025-12-08T20:57:30,30.0,34.0,3.3235581622678407,1022.0,1.0,0.09763630580442645
2025-12-08T20:57:30,30.0,34.0,3.3235581622678407,1022.0,1.0,0.09765938677452846
2025-12-08T20:57:30,30.0,34.0,3.3235581622678407,1022.0,1.0,0.09767785155061005
2025-12-08T20:57:30,30.0,34.0,3.3235581622678407,1022.0,1.0,0.09769262337147534
2025-12-08T20:57:30,30.0,34.0,3.3235581622678407,1022.0,1.0,0.09770444082816757
2025-12-08T20:57:30,30.0,34.0,3.3235581622678407,1022.0,1.0,0.09771389479352134
2025-12-08T20:57:30,30.0,34.0,3.3235581622678407,1022.0,1.0,0.09772145796580436
2025-12-08T20:57:30,30.0,34.0,3.3235581622678407,1022.0,1.0,0.09772750850363078
2025-12-08T20:57:30,30.0,34.0,3.3235581622678407,1022.0,1.0,0.09773234893389192
2025-12-08T20:57:30,30.0,34.0,3.3235581622678407,1022.0,1.0,0.09773622127810083
2025-12-08T20:57:30,30.0,34.0,3.3235581622678407,1022.0,1.0,0.09773931915346797
2025-12-08T20:57:30,30.0,34.0,3.3235581622678407,1022.0,1.0,0.09774179745376167
2025-12-08T20:57:30,30.0,34.0,3.3235581622678407,1022.0,1.0,0.09774378009399663
2025-12-08T20:57:30,30.0,34.0,3.3235581622678407,1022.0,1.0,0.0977453662061846
2025-12-08T20:57:30,30.0,34.0,3.3235581622678407,1022.0,1.0,0.09774663509593497
2025-12-08T20:57:30,30.0,34.0,3.3235581622678407,1022.0,1.0,0.09774765020773526
2025-12-08T20:57:30,30.0,34.0,3.3235581622678407,1022.0,1.0,0.0977484622971755
2025-12-08T20:57:30,30.0,34.0,3.3235581622678407,1022.0,1.0,0.0977491119687277
2025-12-08T20:57:30,30.0,34.0,3.3235581622678407,1022.0,1.0,0.09774963170596945
2025-12-08T20:57:30,30.0,34.0,3.3235581622678407,1022.0,1.0,0.09775004749576285
2025-12-08T20:57:30,30.0,34.0,3.3235581622678407,1022.0,1.0,0.09775038012759758
2025-12-08T20:57:30,30.0,34.0,3.3235581622678407,1022.0,1.0,0.09775064623306536
2025-12-08T20:57:30,30.0,34.0,3.3235581622678407,1022.0,1.0,0.09775085911743958
2025-12-08T20:57:30,30.0,34.0,3.3235581622678407,1022.0,1.0,0.09775102942493896
2025-12-08T20:57:30,30.0,34.0,3.3235581622678407,1022.0,1.0,0.09775116567093846
2025-12-08T20:57:30,30.0,34.0,3.3235581622678407,1022.0,1.0,0.09775127466773806
2025-12-08T20:57:30,30.0,34.0,3.3235581622678407,1022.0,1.0,0.09775136186517774
2025-12-08T20:57:30,30.0,34.0,3.3235581622678407,1022.0,1.0,0.09775143162312949
2025-12-08T20:57:30,30.0,34.0,3.3235581622678407,1022.0,1.0,0.09775148742949089
2025-12-08T20:57:30,30.0,34.0,3.3235581622678407,1022.0,1.0,0.09775153207458
2025-12-08T20:57:30,30.0,34.0,3.3235581622678407,1022.0,1.0,0.09775156779065129
2025-12-08T20:57:30,30.0,34.0,3.3235581622678407,1022.0,1.0,0.09775159636350833
2025-12-08T20:57:30,30.0,34.0,3.3235581622678407,1022.0,1.0,0.09775161922179396
2025-12-08T20:57:30,30.0,34.0,3.3235581622678407,1022.0,1.0,0.09775163750842246
2025-12-08T20:57:30,30.0,34.0,3.3235581622678407,1022.0,1.0,0.09775165213772526
2025-12-08T20:57:30,30.0,34.0,3.3235581622678407,1022.0,1.0,0.0977516638411675
2025-12-08T20:57:30,30.0,34.0,3.3235581622678407,1022.0,1.0,0.0977516732039213
2025-12-08T20:57:30,30.0,34.0,3.3235581622678407,1022.0,1.0,0.09775168069412433
2025-12-08T20:57:30,30.0,34.0,3.3235581622678407,1022.0,1.0,0.09775168668628677
2025-12-08T20:57:30,30.0,34.0,3.3235581622678407,1022.0,1.0,0.09775169148001671
2025-12-08T20:57:30,30.0,34.0,3.3235581622678407,1022.0,1.0,0.09775169531500066
2025-12-08T20:57:30,30.0,34.0,3.3235581622678407,1022.0,1.0,0.09775169838298782
2025-12-08T20:57:30,30.0,34.0,3.3235581622678407,1022.0,1.0,0.09775170083737755
2025-12-08T20:57:30,30.0,34.0,3.3235581622678407,1022.0,1.0,0.09775170280088934
2025-12-08T20:57:30,30.0,34.0,3.3235581622678407,1022.0,1.0,0.09775170437169876
2025-12-08T20:57:30,30.0,34.0,3.3235581622678407,1022.0,1.0,0.0977517056283463
2025-12-08T20:57:30,30.0,34.0,3.3235581622678407,1022.0,1.0,0.09775170663366434
2025-12-08T20:57:30,30.0,34.0,3.3235581622678407,1022.0,1.0,0.09775170743791876
2025-12-08T20:57:30,30.0,34.0,3.3235581622678407,1022.0,1.0,0.0977517080813223
2025-12-08T20:57:30,30.0,34.0,3.3235581622678407,1022.0,1.0,0.09775170859604514
2025-12-08T20:57:30,30.0,34.0,3.3235581622678407,1022.0,1.0,0.0977517090078234
2025-12-08T20:57:30,30.0,34.0,3.3235581622678407,1022.0,1.0,0.09775170933724601
2025-12-08T20:57:30,30.0,34.0,3.3235581622678407,1022.0,1.0,0.09775170960078411
2025-12-08T20:57:30,30.0,34.0,3.3235581622678407,1022.0,1.0,0.09775170981161459
2025-12-08T20:57:30,30.0,34.0,3.3235581622678407,1022.0,1.0,0.09775170998027896
2025-12-08T20:57:30,30.0,34.0,3.3235581622678407,1022.0,1.0,0.09775171011521046
2025-12-08T20:57:30,30.0,34.0,3.3235581622678407,1022.0,1.0,0.09775171022315567
2025-12-08T20:57:30,30.0,34.0,3.3235581622678407,1022.0,1.0,0.09775171030951182
2025-12-08T20:57:30,30.0,34.0,3.3235581622678407,1022.0,1.0,0.09775171037859676
2025-12-08T20:57:30,30.0,34.0,3.3235581622678407,1022.0,1.0,0.0977517104338647
2025-12-08T20:57:30,30.0,34.0,3.3235581622678407,1022.0,1.0,0.09775171047807905
2025-12-08T20:57:30,30.0,34.0,3.3235581622678407,1022.0,1.0,0.09775171051345054
2025-12-08T20:57:30,30.0,34.0,3.3235581622678407,1022.0,1.0,0.09775171054174772
2025-12-08T20:57:30,30.0,34.0,3.3235581622678407,1022.0,1.0,0.09775171056438547
2025-12-08T20:57:30,30.0,34.0,3.3235581622678407,1022.0,1.0,0.09775171058249567
2025-12-08T20:57:30,30.0,34.0,3.3235581622678407,1022.0,1.0,0.09775171059698383
2025-12-08T20:57:30,30.0,34.0,3.3235581622678407,1022.0,1.0,0.09775171060857436
2025-12-08T20:57:30,30.0,34.0,3.3235581622678407,1022.0,1.0,0.09775171061784678
2025-12-08T20:57:30,30.0,34.0,3.3235581622678407,1022.0,1.0,0.09775171062526472
2025-12-08T20:57:30,30.0,34.0,3.3235581622678407,1022.0,1.0,0.09775171063119907
2025-12-08T20:57:30,30.0,34.0,3.3235581622678407,1022.0,1.0,0.09775171063594655
2025-12-08T20:57:30,30.0,34.0,3.3235581622678407,1022.0,1.0,0.09775171063974454
2025-12-08T20:57:30,30.0,34.0,3.3235581622678407,1022.0,1.0,0.09775171064278293
2025-12-08T20:57:30,30.0,34.0,3.3235581622678407,1022.0,1.0,0.09775171064521364
2025-12-08T20:57:30,30.0,34.0,3.3235581622678407,1022.0,1.0,0.09775171064715821
2025-12-08T20:57:30,30.0,34.0,3.3235581622678407,1022.0,1.0,0.09775171064871387
2025-12-08T20:57:30,30.0,34.0,3.3235581622678407,1022.0,1.0,0.09775171064995838
2025-12-08T20:57:30,30.0,34.0,3.3235581622678407,1022.0,1.0,0.097751710650954
2025-12-08T20:57:30,30.0,34.0,3.3235581622678407,1022.0,1.0,0.09775171065175049
2025-12-08T20:57:30,30.0,34.0,3.3235581622678407,1022.0,1.0,0.09775171065238769
2025-12-08T20:57:30,30.0,34.0,3.3235581622678407,1022.0,1.0,0.09775171065289745
2025-12-08T20:57:30,30.0,34.0,3.3235581622678407,1022.0,1.0,0.09775171065330525
2025-12-08T20:57:30,30.0,34.0,3.3235581622678407,1022.0,1.0,0.09775171065363149
2025-12-08T20:57:30,30.0,34.0,3.3235581622678407,1022.0,1.0,0.09775171065389249
2025-12-08T20:57:30,30.0,34.0,3.3235581622678407,1022.0,1.0,0.09775171065410128
2025-12-08T20:57:30,30.0,34.0,3.3235581622678407,1022.0,1.0,0.09775171065426831
2025-12-08T20:57:30,30.0,34.0,3.3235581622678407,1022.0,1.0,0.09775171065440194
2025-12-08T20:57:30,30.0,34.0,3.3235581622678407,1022.0,1.0,0.09775171065450884
2025-12-08T20:57:30,30.0,34.0,3.3235581622678407,1022.0,1.0,0.09775171065459437
2025-12-08T20:57:30,30.0,34.0,3.3235581622678407,1022.0,1.0,0.09775171065466279
2025-12-08T20:57:30,30.0,34.0,3.3235581622678407,1022.0,1.0,0.09775171065471752
2025-12-08T20:57:30,30.0,34.0,3.3235581622678407,1022.0,1.0,0.0977517106547613
2025-12-08T20:57:30,30.0,34.0,3.3235581622678407,1022.0,1.0,0.09775171065479633
2025-12-08T20:57:30,30.0,34.0,3.3235581622678407,1022.0,1.0,0.09775171065482437
2025-12-08T20:57:30,30.0,34.0,3.3235581622678407,1022.0,1.0,0.0977517106548468
2025-12-08T20:57:30,30.0,34.0,3.3235581622678407,1022.0,1.0,0.09775171065486472
2025-12-08T20:57:30,30.0,34.0,3.3235581622678407,1022.0,1.0,0.09775171065487907
2025-12-08T20:57:30,30.0,34.0,3.3235581622678407,1022.0,1.0,0.09775171065489055
2025-12-08T20:57:30,30.0,34.0,3.3235581622678407,1022.0,1.0,0.09775171065489974
2025-12-08T20:57:30,30.0,34.0,3.3235581622678407,1022.0,1.0,0.09775171065490708
2025-12-08T20:57:30,30.0,34.0,3.3235581622678407,1022.0,1.0,0.09775171065491296
2025-12-08T20:57:30,30.0,34.0,3.3235581622678407,1022.0,1.0,0.09775171065491767
2025-12-08T20:57:30,30.0,34.0,3.3235581622678407,1022.0,1.0,0.09775171065492143
2025-12-08T20:57:30,30.0,34.0,3.3235581622678407,1022.0,1.0,0.09775171065492444
2025-12-08T20:57:30,30.0,34.0,3.3235581622678407,1022.0,1.0,0.09775171065492684
2025-12-08T20:57:30,30.0,34.0,3.3235581622678407,1022.0,1.0,0.09775171065492877
2025-12-08T20:57:30,30.0,34.0,3.3235581622678407,1022.0,1.0,0.09775171065493031
2025-12-08T20:57:30,30.0,34.0,3.3235581622678407,1022.0,1.0,0.09775171065493155
2025-12-08T20:57:30,30.0,34.0,3.3235581622678407,1022.0,1.0,0.09775171065493253
2025-12-08T20:57:30,30.0,34.0,3.3235581622678407,1022.0,1.0,0.09775171065493332
2025-12-08T20:57:30,30.0,34.0,3.3235581622678407,1022.0,1.0,0.09775171065493395
2025-12-08T20:57:30,30.0,34.0,3.3235581622678407,1022.0,1.0,0.09775171065493445
2025-12-08T20:57:30,30.0,34.0,3.3235581622678407,1022.0,1.0,0.09775171065493485
2025-12-08T20:57:30,30.0,34.0,3.3235581622678407,1022.0,1.0,0.09775171065493517
2025-12-08T20:57:30,30.0,34.0,3.3235581622678407,1022.0,1.0,0.09775171065493543
2025-12-08T20:57:30,30.0,34.0,3.3235581622678407,1022.0,1.0,0.09775171065493564
2025-12-08T20:57:30,30.0,34.0,3.3235581622678407,1022.0,1.0,0.0977517106549358
2025-12-08T20:57:30,30.0,34.0,3.3235581622678407,1022.0,1.0,0.09775171065493594
2025-12-08T20:57:30,30.0,34.0,3.3235581622678407,1022.0,1.0,0.09775171065493606
2025-12-08T20:57:30,30.0,34.0,3.3235581622678407,1022.0,1.0,0.09775171065493614
2025-12-08T20:57:30,30.0,34.0,3.3235581622678407,1022.0,1.0,0.09775171065493621
2025-12-08T20:57:30,30.0,34.0,3.3235581622678407,1022.0,1.0,0.09775171065493626
2025-12-08T20:57:30,30.0,34.0,3.3235581622678407,1022.0,1.0,0.0977517106549363
2025-12-08T20:57:30,30.0,34.0,3.3235581622678407,1022.0,1.0,0.09775171065493633
2025-12-08T20:57:30,30.0,34.0,3.3235581622678407,1022.0,1.0,0.09775171065493636
2025-12-08T20:57:30,30.0,34.0,3.3235581622678407,1022.0,1.0,0.09775171065493639
2025-12-08T20:57:31,30.0,34.0,3.3235581622678407,1022.0,1.0,0.0977517106549364
2025-12-08T20:57:31,30.0,34.0,3.3235581622678407,1022.0,1.0,0.09775171065493642
2025-12-08T20:57:31,30.0,34.0,3.3235581622678407,1022.0,1.0,0.09775171065493643
2025-12-08T20:57:31,30.0,34.0,3.3235581622678407,1022.0,1.0,0.09775171065493644
2025-12-08T20:57:32,30.0,34.0,3.3235581622678407,1022.0,1.0,0.09775171065493644
2025-12-08T20:57:32,30.0,34.0,3.3235581622678407,1022.0,1.0,0.09775171065493644
2025-12-08T20:57:32,30.0,34.0,3.3235581622678407,1022.0,1.0,0.09775171065493644
2025-12-08T20:57:32,30.0,34.0,3.3235581622678407,1022.0,1.0,0.09775171065493644
2025-12-08T20:57:32,30.0,34.0,3.3235581622678407,1022.0,1.0,0.09775171065493644
2025-12-08T20:57:33,30.0,34.0,3.3235581622678407,1022.0,1.0,0.09775171065493644
2025-12-08T20:57:33,30.0,34.0,3.3235581622678407,1022.0,1.0,0.09775171065493644
2025-12-08T20:57:33,30.0,34.0,3.3235581622678407,1022.0,1.0,0.09775171065493644
2025-12-08T20:57:33,30.0,34.0,3.3235581622678407,1022.0,1.0,0.09775171065493644
2025-12-08T20:57:33,30.0,34.0,3.3235581622678407,1023.0,0.0,0.07820136852394916
2025-12-08T20:57:34,30.0,34.0,3.3235581622678407,1022.0,1.0,0.08211143695014661
2025-12-08T20:57:34,30.0,34.0,3.3235581622678407,1022.0,1.0,0.08523949169110458
2025-12-08T20:57:34,30.0,34.0,3.3235581622678407,1022.0,1.0,0.08774193548387095
2025-12-08T20:57:34,30.0,34.0,3.3235581622678407,1022.0,1.0,0.08974389051808405
2025-12-08T20:57:35,30.0,33.0,3.3040078201368535,1022.0,1.0,0.09134545454545454
2025-12-08T20:57:35,30.0,34.0,3.307917888563051,1022.0,1.0,0.09262670576735092
2025-12-08T20:57:35,30.0,34.0,3.3110459433040087,1022.0,1.0,0.09365170674486803
2025-12-08T20:57:35,30.0,34.0,3.313548387096775,1022.0,1.0,0.09447170752688172
2025-12-08T20:57:35,30.0,34.0,3.315550342130988,1022.0,1.0,0.09512770815249268
2025-12-08T20:57:36,30.0,360.0,9.690563440860217,1022.0,1.0,0.09565250865298143
2025-12-08T20:57:36,30.0,642.0,20.303770400782017,1022.0,1.0,0.09607234905337243
2025-12-08T20:57:36,30.0,663.0,29.204893153470188,1021.0,2.0,0.11595856350467254
2025-12-08T20:57:36,30.0,685.0,36.75589888250245,1021.0,2.0,0.1318675350657126
2025-12-08T20:57:37,30.0,705.0,43.187710308348,1021.0,2.0,0.14459471231454468
2025-12-08T20:57:37,30.0,724.0,48.704615949513204,1021.0,2.0,0.15477645411361032
2025-12-08T20:57:37,30.0,740.0,53.430945936541164,1020.0,3.0,0.18247218968385015
2025-12-08T20:57:37,30.0,756.0,57.52481540025933,1019.0,4.0,0.22417912027102932
2025-12-08T20:57:37,30.0,772.0,61.11271644532965,1020.0,3.0,0.23799432260978534
2025-12-08T20:57:38,30.0,785.0,64.23719172908875,1021.0,2.0,0.22949614234980287
2025-12-08T20:57:38,30.0,798.0,66.99092640379885,1021.0,2.0,0.2226975981418169
2025-12-08T20:57:38,30.0,809.0,69.4089679070078,1019.0,4.0,0.2563594470374027
2025-12-08T20:57:38,30.0,822.0,71.5975555572778,1021.0,2.0,0.24418824189189675
2025-12-08T20:57:39,30.0,823.0,73.36797601962479,1019.0,4.0,0.27355196203746657
2025-12-08T20:57:39,30.0,751.0,73.37668775607129,1020.0,3.0,0.27749259602293513
2025-12-08T20:57:39,30.0,547.0,69.3953873505071,1021.0,2.0,0.2610947610803227
2025-12-08T20:57:39,30.0,266.0,60.7167008872483,1022.0,1.0,0.22842615099524546
2025-12-08T20:57:39,30.0,216.0,52.7962346100919,1022.0,1.0,0.2022912629271837
2025-12-08T20:57:40,30.0,199.0,46.12750577214,1022.0,1.0,0.18138335247273427
2025-12-08T20:57:40,30.0,183.0,40.47971722768268,1022.0,1.0,0.1646570241091747
2025-12-08T20:57:40,30.0,169.0,35.687781602282996,1022.0,1.0,0.15127596141832708
2025-12-08T20:57:40,30.0,157.0,31.619628996391405,1022.0,1.0,0.14057111126564897
2025-12-08T20:57:41,30.0,147.0,28.16960349036826,1022.0,1.0,0.1320072311435065
2025-12-08T20:57:41,30.0,139.0,25.253180348501843,1022.0,1.0,0.1251561270457925
2025-12-08T20:57:41,30.0,130.0,22.744088755829825,1022.0,1.0,0.11967524376762129
2025-12-08T20:57:41,30.0,123.0,20.5999630867753,1022.0,1.0,0.11529053714508432
2025-12-08T20:57:41,30.0,116.0,18.74781015661477,1022.0,1.0,0.11178277184705475
2025-12-08T20:57:42,30.0,110.0,17.148785759700417,1022.0,1.0,0.10897655960863109
2025-12-08T20:57:42,30.0,105.0,15.771814531514,1022.0,1.0,0.10673158981789217
2025-12-08T20:57:42,30.0,100.0,14.57248583830993,1022.0,1.0,0.10493561398530103
2025-12-08T20:57:42,30.0,96.0,13.534821515222726,1022.0,1.0,0.10349883331922811
2025-12-08T20:57:43,30.0,91.0,12.606938346098024,1022.0,1.0,0.10234940878636979
2025-12-08T20:57:43,30.0,88.0,11.805980784405302,1022.0,1.0,0.10142986916008313
2025-12-08T20:57:43,30.0,85.0,11.106563708658161,1022.0,1.0,0.1006942374590538
2025-12-08T20:57:43,30.0,82.0,10.488379021667487,1022.0,1.0,0.10010573209823033
2025-12-08T20:57:43,30.0,79.0,9.935180245681988,1022.0,1.0,0.09963492780957156
2025-12-08T20:57:44,30.0,76.0,9.433970198500624,1022.0,1.0,0.09925828437864455
2025-12-08T20:57:44,30.0,74.0,8.99390147649356,1022.0,1.0,0.09895696963390294
2025-12-08T20:57:44,30.0,72.0,8.602745814625933,1022.0,1.0,0.09871591783810964
2025-12-08T20:57:44,30.0,70.0,8.250720600869858,1022.0,1.0,0.09852307640147501
2025-12-08T20:57:44,30.0,68.0,7.9299997456030225,1022.0,1.0,0.0983688032521673
2025-12-08T20:57:45,30.0,66.0,7.634322377127579,1022.0,1.0,0.09824538473272114
2025-12-08T20:57:45,30.0,64.0,7.35867979808525,1022.0,1.0,0.09814664991716421
2025-12-08T20:57:45,30.0,63.0,7.1186153927203994,1022.0,1.0,0.09806766206471866
2025-12-08T20:57:45,30.0,61.0,6.887463184166545,1022.0,1.0,0.09800447178276223
2025-12-08T20:57:46,30.0,60.0,6.682991075192473,1022.0,1.0,0.09795391955719708
2025-12-08T20:57:46,30.0,58.0,6.480312703751242,1022.0,1.0,0.09791347777674496
2025-12-08T20:57:46,30.0,57.0,6.298619664467269,1022.0,1.0,0.09788112435238326
2025-12-08T20:57:46,30.0,56.0,6.133714890909104,1022.0,1.0,0.0978552416128939
2025-12-08T20:57:46,30.0,55.0,5.9822407299315845,1022.0,1.0,0.09783453542130241
2025-12-08T20:57:47,30.0,54.0,5.841511059018582,1022.0,1.0,0.09781797046802922
2025-12-08T20:57:47,30.0,53.0,5.709376980157192,1022.0,1.0,0.09780471850541067
2025-12-08T20:57:47,30.0,52.0,5.584119374937092,1022.0,1.0,0.09779411693531583
2025-12-08T20:57:47,30.0,51.0,5.464362948630026,1022.0,1.0,0.09778563567923995
2025-12-08T20:57:48,30.0,50.0,5.3490074654533855,1022.0,1.0,0.09777885067437926
2025-12-08T20:57:48,30.0,50.0,5.256723078912073,1022.0,1.0,0.0977734226704907
2025-12-08T20:57:48,30.0,49.0,5.163345227548036,1022.0,1.0,0.09776908026737986
2025-12-08T20:57:48,30.0,48.0,5.069092604325819,1022.0,1.0,0.09776560634489119
2025-12-08T20:57:48,30.0,48.0,4.993690505748045,1022.0,1.0,0.09776282720690024
2025-12-08T20:57:49,30.0,47.0,4.913818484754839,1022.0,1.0,0.0977606038965075
2025-12-08T20:57:49,30.0,47.0,4.849920867960274,1022.0,1.0,0.09775882524819329
2025-12-08T20:57:49,30.0,46.0,4.779252432393635,1022.0,1.0,0.09775740232954193
2025-12-08T20:57:49,30.0,45.0,4.703167341809337,1022.0,1.0,0.09775626399462084
2025-12-08T20:57:50,30.0,45.0,4.642299269341898,1022.0,1.0,0.09775535332668396
2025-12-08T20:57:50,30.0,44.0,4.574054469236959,1022.0,1.0,0.09775462479233446
2025-12-08T20:57:50,30.0,44.0,4.519458629153008,1022.0,1.0,0.09775404196485486
2025-12-08T20:57:50,30.0,43.0,4.45623161495486,1022.0,1.0,0.09775357570287119
2025-12-08T20:57:50,30.0,43.0,4.4056500035963415,1022.0,1.0,0.09775320269328425
2025-12-08T20:57:51,30.0,43.0,4.365184714509527,1022.0,1.0,0.09775290428561469
2025-12-08T20:57:51,30.0,43.0,4.332812483240075,1022.0,1.0,0.09775266555947905
2025-12-08T20:57:51,30.0,42.0,4.287364356093526,1022.0,1.0,0.09775247457857053
2025-12-08T20:57:51,30.0,42.0,4.251005854376287,1022.0,1.0,0.09775232179384372
2025-12-08T20:57:52,30.0,42.0,4.221919053002496,1022.0,1.0,0.09775219956606226
2025-12-08T20:57:52,30.0,41.0,4.179099269772476,1022.0,1.0,0.0977521017838371
2025-12-08T20:57:52,30.0,41.0,4.14484344318846,1022.0,1.0,0.09775202355805697
2025-12-08T20:57:52,30.0,41.0,4.117438781921247,1022.0,1.0,0.09775196097743287
2025-12-08T20:57:52,30.0,40.0,4.075964710776489,1022.0,1.0,0.09775191091293359
2025-12-08T20:57:53,30.0,40.0,4.0427854538606836,1022.0,1.0,0.09775187086133416
2025-12-08T20:57:53,30.0,40.0,4.0162420483280385,1022.0,1.0,0.09775183882005463
2025-12-08T20:57:53,30.0,40.0,3.995007323901923,1022.0,1.0,0.097751813187031
2025-12-08T20:57:53,30.0,39.0,3.958469202230043,1022.0,1.0,0.09775179268061208
2025-12-08T20:57:54,30.0,39.0,3.9292387048925392,1022.0,1.0,0.09775177627547696
2025-12-08T20:57:54,30.0,39.0,3.905854307022536,1022.0,1.0,0.09775176315136887
2025-12-08T20:57:54,30.0,39.0,3.8871467887265334,1022.0,1.0,0.09775175265208239
2025-12-08T20:57:54,30.0,39.0,3.8721807740897316,1022.0,1.0,0.0977517442526532
2025-12-08T20:57:54,30.0,39.0,3.86020796238029,1022.0,1.0,0.09775173753310985
2025-12-08T20:57:55,30.0,39.0,3.850629713012737,1022.0,1.0,0.09775173215747518
2025-12-08T20:57:55,30.0,38.0,3.823416771387707,1022.0,1.0,0.09775172785696744
2025-12-08T20:57:55,30.0,38.0,3.801646418087683,1022.0,1.0,0.09775172441656124
2025-12-08T20:57:55,30.0,38.0,3.7842301354476637,1022.0,1.0,0.09775172166423629
2025-12-08T20:57:55,30.0,38.0,3.7702971093356483,1022.0,1.0,0.09775171946237633
2025-12-08T20:57:56,30.0,38.0,3.759150688446036,1022.0,1.0,0.09775171770088836
2025-12-08T20:57:56,30.0,38.0,3.7502335517343464,1022.0,1.0,0.09775171629169799
2025-12-08T20:57:56,30.0,38.0,3.7430998423649946,1022.0,1.0,0.09775171516434568
2025-12-08T20:57:56,30.0,38.0,3.737392874869513,1022.0,1.0,0.09775171426246383
2025-12-08T20:57:57,30.0,38.0,3.732827300873128,1022.0,1.0,0.09775171354095837
2025-12-08T20:57:57,30.0,38.0,3.72917484167602,1022.0,1.0,0.09775171296375398
2025-12-08T20:57:57,30.0,38.0,3.7262528743183334,1022.0,1.0,0.09775171250199048
2025-12-08T20:57:57,30.0,37.0,3.704364958301197,1022.0,1.0,0.09775171213257967
2025-12-08T20:57:57,30.0,37.0,3.686854625487488,1022.0,1.0,0.09775171183705103
2025-12-08T20:57:58,30.0,37.0,3.6728463592365204,1022.0,1.0,0.09775171160062812
2025-12-08T20:57:58,30.0,37.0,3.6616397462357466,1022.0,1.0,0.09775171141148979
2025-12-08T20:57:58,30.0,37.0,3.6526744558351276,1022.0,1.0,0.09775171126017913
2025-12-08T20:57:58,30.0,37.0,3.645502223514632,1022.0,1.0,0.0977517111391306
2025-12-08T20:57:59,30.0,37.0,3.639764437658236,1022.0,1.0,0.09775171104229177
2025-12-08T20:57:59,30.0,37.0,3.635174208973119,1022.0,1.0,0.09775171096482071
2025-12-08T20:57:59,30.0,37.0,3.6315020260250255,1022.0,1.0,0.09775171090284386
2025-12-08T20:57:59,30.0,37.0,3.6285642796665507,1022.0,1.0,0.09775171085326238
2025-12-08T20:57:59,30.0,37.0,3.6262140825797706,1022.0,1.0,0.0977517108135972
2025-12-08T20:58:00,30.0,37.0,3.6243339249103466,1022.0,1.0,0.09775171078186505
2025-12-08T20:58:00,30.0,37.0,3.6228297987748075,1022.0,1.0,0.09775171075647933
2025-12-08T20:58:00,30.0,36.0,3.602076155735389,1022.0,1.0,0.09775171073617075
2025-12-08T20:58:00,30.0,36.0,3.585473241303854,1022.0,1.0,0.0977517107199239
2025-12-08T20:58:01,30.0,36.0,3.572190909758626,1022.0,1.0,0.09775171070692641
2025-12-08T20:58:01,30.0,36.0,3.561565044522444,1022.0,1.0,0.09775171069652842
2025-12-08T20:58:01,30.0,37.0,3.572614694464485,1022.0,1.0,0.09775171068821004
2025-12-08T20:58:01,30.0,36.0,3.561904072287131,1022.0,1.0,0.09775171068155532
2025-12-08T20:58:01,30.0,36.0,3.553335574545248,1022.0,1.0,0.09775171067623155
2025-12-08T20:58:02,30.0,36.0,3.5464807763517414,1022.0,1.0,0.09775171067197254
2025-12-08T20:58:02,30.0,36.0,3.540996937796936,1022.0,1.0,0.09775171066856532
2025-12-08T20:58:02,30.0,36.0,3.536609866953092,1022.0,1.0,0.09775171066583956
2025-12-08T20:58:02,30.0,36.0,3.5331002102780165,1022.0,1.0,0.09775171066365894
2025-12-08T20:58:03,30.0,36.0,3.530292484937956,1022.0,1.0,0.09775171066191445
2025-12-08T20:58:03,30.0,36.0,3.528046304665908,895.0,128.0,2.580645161295905
2025-12-08T20:58:03,30.0,36.0,3.5262493604482694,1020.0,3.0,2.123167155429686
2025-12-08T20:58:03,30.0,36.0,3.5248118050741586,1022.0,1.0,1.718084066474736
2025-12-08T20:58:03,30.0,36.0,3.52366176077487,1022.0,1.0,1.3940175953107763
2025-12-08T20:58:04,30.0,36.0,3.5227417253354387,1022.0,1.0,1.1347644183796084
2025-12-08T20:58:04,30.1,36.0,3.5220056969838938,1022.0,1.0,0.9273618768346741
2025-12-08T20:58:04,30.1,36.0,3.521416874302658,1022.0,1.0,0.7614398435987266
2025-12-08T20:58:04,30.1,36.0,3.5209458161576697,716.0,307.0,6.611106909092081
2025-12-08T20:58:05,30.1,36.0,3.520568969641679,1021.0,2.0,5.32798621153564
2025-12-08T20:58:05,30.1,36.0,3.520267492428886,701.0,322.0,10.55759913540642
2025-12-08T20:58:05,30.1,35.0,3.500475968527664,879.0,144.0,11.261328575187308
2025-12-08T20:58:05,30.1,36.0,3.504193091537674,1021.0,2.0,9.048163544411821
2025-12-08T20:58:05,30.1,36.0,3.5071667899456824,682.0,341.0,13.905197502196124
2025-12-08T20:58:06,30.1,36.0,3.509545748672089,1021.0,2.0,11.163258686018874
2025-12-08T20:58:06,30.1,36.0,3.5114489156532143,1022.0,1.0,8.950157290946088
2025-12-08T20:58:06,30.1,36.0,3.5129714492381146,1022.0,1.0,7.179676174887858
2025-12-08T20:58:06,30.1,36.0,3.5141894761060346,1022.0,1.0,5.763291282041274
2025-12-08T20:58:06,30.1,35.0,3.495613555469383,1022.0,1.0,4.6301833677640065
2025-12-08T20:58:07,30.1,35.0,3.480752818960062,1022.0,1.0,3.723697036342193
2025-12-08T20:58:07,30.1,35.0,3.468864229752605,1022.0,1.0,2.9985079712047416
2025-12-08T20:58:07,30.1,35.0,3.459353358386639,1022.0,1.0,2.418356719094781
2025-12-08T20:58:07,30.1,35.0,3.4517446612938665,1022.0,1.0,1.954235717406812
2025-12-08T20:58:08,30.1,35.0,3.4456577036196485,1022.0,1.0,1.5829389160564369
2025-12-08T20:58:08,30.1,35.0,3.4407881374802742,1022.0,1.0,1.2859014749761368
2025-12-08T20:58:08,30.1,35.0,3.4368924845687747,1022.0,1.0,1.0482715221118968
2025-12-08T20:58:08,30.1,35.0,3.433775962239575,1022.0,1.0,0.8581675598205047
2025-12-08T20:58:08,30.1,35.0,3.4312827443762153,1022.0,1.0,0.7060843899873911
2025-12-08T20:58:09,30.1,35.0,3.4292881700855276,999.0,24.0,1.034075723133608
2025-12-08T20:58:09,30.1,35.0,3.427692510652977,1022.0,1.0,0.8468109206378737
2025-12-08T20:58:09,30.1,35.0,3.426415983106937,976.0,47.0,1.5963148166667018
2025-12-08T20:58:09,30.1,35.0,3.425394761070105,1021.0,2.0,1.316152537595336
2025-12-08T20:58:10,30.1,35.0,3.4245777834406392,1022.0,1.0,1.0724723722072562
2025-12-08T20:58:10,30.1,35.0,3.4239242013370665,944.0,79.0,2.4024549261138013
2025-12-08T20:58:10,30.1,35.0,3.4234013356542086,998.0,25.0,2.4107224941657233
2025-12-08T20:58:10,30.1,35.0,3.422983043107922,1022.0,1.0,1.948128337463566
2025-12-08T20:58:10,30.1,35.0,3.422648409070893,1022.0,1.0,1.5780530121018401
2025-12-08T20:58:11,30.1,35.0,3.4223807018412695,1022.0,1.0,1.2819927518124594
2025-12-08T20:58:11,30.1,35.0,3.422166536057571,1022.0,1.0,1.0451445435809548
2025-12-08T20:58:11,30.1,35.0,3.4219952034306123,887.0,136.0,3.4949621646790354
2025-12-08T20:58:11,30.1,35.0,3.421858137329045,1022.0,1.0,2.815520073874216
2025-12-08T20:58:12,30.1,35.0,3.4217484844477912,1022.0,1.0,2.27196640123036
2025-12-08T20:58:12,30.1,35.0,3.421660762142788,1022.0,1.0,1.8371234631152753
2025-12-08T20:58:12,30.1,35.0,3.421590584298786,670.0,353.0,8.370969542730736
2025-12-08T20:58:12,30.1,35.0,3.421534442023584,1021.0,2.0,6.7358763184465635
2025-12-08T20:58:12,30.1,35.0,3.421489528203422,1022.0,1.0,5.408251396888239
2025-12-08T20:58:13,30.1,35.0,3.421453597147293,1022.0,1.0,4.346151459641578
2025-12-08T20:58:13,30.1,35.0,3.4214248523023896,1022.0,1.0,3.49647150984425
2025-12-08T20:58:13,30.1,35.0,3.421401856426467,1022.0,1.0,2.8167275500063873
2025-12-08T20:58:13,30.1,35.0,3.4213834597257287,1022.0,1.0,2.2729323821360974
2025-12-08T20:58:14,30.1,35.0,3.421368742365138,1022.0,1.0,1.8378962478398653
2025-12-08T20:58:14,30.1,34.0,3.4018066263456785,1022.0,1.0,1.4898673404028795
2025-12-08T20:58:14,30.1,35.0,3.405707275661098,1022.0,1.0,1.2114442144532909
2025-12-08T20:58:14,30.1,35.0,3.408827795113434,1022.0,1.0,0.98870571369362
2025-12-08T20:58:14,30.1,35.0,3.411324210675302,1022.0,1.0,0.8105149130858833
2025-12-08T20:58:15,30.1,35.0,3.413321343124797,1022.0,1.0,0.667962272599694
2025-12-08T20:58:15,30.1,35.0,3.414919049084393,1022.0,1.0,0.5539201602107425
2025-12-08T20:58:15,30.1,35.0,3.4161972138520693,1022.0,1.0,0.4626864702995813
2025-12-08T20:58:15,30.1,34.0,3.3976694035352235,1022.0,1.0,0.38969951837065236
2025-12-08T20:58:16,30.1,34.0,3.382847155281747,1022.0,1.0,0.3313099568275092
2025-12-08T20:58:16,30.1,34.0,3.3709893566789657,1022.0,1.0,0.28459830759299465
2025-12-08T20:58:16,30.1,34.0,3.3615031177967407,1022.0,1.0,0.24722898820538303
2025-12-08T20:58:16,30.1,34.0,3.3539141266909605,1022.0,1.0,0.21733353269529374
2025-12-08T20:58:16,30.1,34.0,3.3478429338063362,1022.0,1.0,0.1934171682872223
2025-12-08T20:58:17,30.1,34.0,3.342985979498637,1022.0,1.0,0.17428407676076516
2025-12-08T20:58:17,30.1,34.0,3.3391004160524775,1022.0,1.0,0.15897760353959944
2025-12-08T20:58:17,30.1,35.0,3.3555423074265374,1022.0,1.0,0.14673242496266686
2025-12-08T20:58:17,30.1,34.0,3.349145478394798,1022.0,1.0,0.1369362821011208
2025-12-08T20:58:17,30.1,77.0,4.1846927268018606,1022.0,1.0,0.12909936781188394
2025-12-08T20:58:18,30.1,590.0,14.882456038723994,1022.0,1.0,0.12282983638049445
2025-12-08T20:58:18,30.1,654.0,24.691888584644886,1022.0,1.0,0.11781421123538285
2025-12-08T20:58:18,30.1,676.0,32.96954214826332,1021.0,2.0,0.13335205325028088
2025-12-08T20:58:18,30.1,697.0,40.0022221839088,1021.0,2.0,0.1457823268621993
2025-12-08T20:58:19,30.1,720.0,46.078024081437896,1021.0,2.0,0.15572654575173403
2025-12-08T20:58:19,30.1,738.0,51.29057175781894,1021.0,2.0,0.1636819208633618
2025-12-08T20:58:19,30.1,754.0,55.773415373019574,1020.0,3.0,0.18959656308365133
2025-12-08T20:58:19,30.1,770.0,59.67249573927588,1021.0,2.0,0.19077793472889565
2025-12-08T20:58:19,30.1,782.0,63.026364137852774,1020.0,3.0,0.21127337417607842
2025-12-08T20:58:20,30.1,794.0,65.94406296228613,1019.0,4.0,0.24722006786481193
2025-12-08T20:58:20,30.1,803.0,68.4541751010117,1020.0,3.0,0.25642708068481146
2025-12-08T20:58:20,30.1,811.0,70.61866754904005,1021.0,2.0,0.24424234880982376
2025-12-08T20:58:20,30.1,819.0,72.50666424451065,1019.0,4.0,0.2735952475718082
2025-12-08T20:58:21,30.1,825.0,74.13436365367303,1021.0,2.0,0.2579768823194212
2025-12-08T20:58:21,30.1,830.0,75.53427489165787,1020.0,3.0,0.2650325322484988
2025-12-08T20:58:21,30.1,838.0,76.81060661909366,1021.0,2.0,0.25112671006077364
2025-12-08T20:58:21,30.1,843.0,77.92942371169723,1019.0,4.0,0.27910273657256807
2025-12-08T20:58:21,30.1,847.0,78.90267875430402,1021.0,2.0,0.26238287352002904
2025-12-08T20:58:22,30.1,851.0,79.7594841569134,1019.0,4.0,0.2881076673399724
2025-12-08T20:58:22,30.1,856.0,80.54268018965584,1021.0,2.0,0.2695868181339525
2025-12-08T20:58:22,30.1,861.0,81.26698872650474,1021.0,2.0,0.2547701387691366
2025-12-08T20:58:22,30.1,863.0,81.88553624024583,1020.0,3.0,0.2624671374082712
2025-12-08T20:58:23,30.1,867.0,82.45857561976266,1022.0,1.0,0.2295240520576043
2025-12-08T20:58:23,30.1,871.0,82.99520849190006,1020.0,3.0,0.24227026803904533
2025-12-08T20:58:23,30.1,873.0,83.46361547387195,1019.0,4.0,0.27201758295518547
2025-12-08T20:58:23,30.1,876.0,83.89699208584243,1019.0,4.0,0.29581543488809753
2025-12-08T20:58:23,30.1,880.0,84.32189474394276,1020.0,3.0,0.2953033743034399
2025-12-08T20:58:24,30.1,885.0,84.75956858107796,1019.0,4.0,0.3144440679667011
2025-12-08T20:58:24,30.1,886.0,85.12925799291712,1021.0,2.0,0.2906559386353355
2025-12-08T20:58:24,30.1,894.0,85.58141225943635,1021.0,2.0,0.271625435170243
2025-12-08T20:58:24,30.1,898.0,86.02133704117567,1021.0,2.0,0.256401032398169
2025-12-08T20:58:25,30.1,901.0,86.43192789296009,1020.0,3.0,0.26377185231149713
2025-12-08T20:58:25,30.1,906.0,86.85815228504256,1021.0,2.0,0.2501181661111723
2025-12-08T20:58:25,30.1,900.0,87.08182974592262,1020.0,3.0,0.25874555928189974
2025-12-08T20:58:25,30.1,879.0,86.85021452987593,1019.0,4.0,0.28519781594946897
2025-12-08T20:58:25,30.1,840.0,85.90245901393007,1020.0,3.0,0.28680927915253707
2025-12-08T20:58:26,30.1,773.0,83.83438167839724,1021.0,2.0,0.26854810758400427
2025-12-08T20:58:26,30.1,653.0,79.8338787542525,1020.0,3.0,0.2734895124601653
2025-12-08T20:58:26,30.1,472.0,73.094864489228,1020.0,3.0,0.2774426363610941
2025-12-08T20:58:26,30.1,374.0,65.78771954837165,1022.0,1.0,0.2415044512198626
2025-12-08T20:58:27,30.1,342.0,59.31639264749498,1022.0,1.0,0.2127539031068774
2025-12-08T20:58:27,30.1,319.0,53.68967325778093,1022.0,1.0,0.18975346461648923
2025-12-08T20:58:27,30.1,301.0,48.836391587651924,1022.0,1.0,0.1713531138241787
2025-12-08T20:58:27,30.1,504.0,48.922485704139135,1022.0,1.0,0.15663283319033028
2025-12-08T20:58:27,30.1,861.0,55.97083313809137,1022.0,1.0,0.14485660868325154
2025-12-08T20:58:28,30.1,862.0,61.629061427384144,1019.0,4.0,0.1940866554705504
2025-12-08T20:58:28,30.1,860.0,66.11654337455639,1020.0,3.0,0.21392035076940222
2025-12-08T20:58:28,30.1,859.0,69.68697859016319,1022.0,1.0,0.19068662274650908
2025-12-08T20:58:28,30.1,857.0,72.50422607838667,1021.0,2.0,0.19164998245918186
2025-12-08T20:58:28,30.1,855.0,74.71892338470347,1022.0,1.0,0.1728703280983328
2025-12-08T20:58:29,30.1,855.0,76.49068122975692,1022.0,1.0,0.15784660460965355
2025-12-08T20:58:29,30.1,856.0,77.92763784793065,1021.0,2.0,0.16537796794969742
2025-12-08T20:58:29,30.1,856.0,79.07720314246964,1020.0,3.0,0.19095340075271983
2025-12-08T20:58:29,30.1,856.0,79.99685537810083,1021.0,2.0,0.19186340486415046
2025-12-08T20:58:30,30.1,858.0,80.77167785086777,1020.0,3.0,0.21214175028428225
2025-12-08T20:58:30,30.1,859.0,81.4110861712123,1021.0,2.0,0.2088140844894004
2025-12-08T20:58:30,30.1,858.0,81.90306248535695,1021.0,2.0,0.2061519518534949
2025-12-08T20:58:30,30.1,859.0,82.31619387880366,1021.0,2.0,0.20402224574477051
2025-12-08T20:58:30,30.1,859.0,82.64669899356102,1020.0,3.0,0.2218688229887783
2025-12-08T20:58:31,30.1,858.0,82.89155274323592,1019.0,4.0,0.2556964269149718
2025-12-08T20:58:31,30.1,858.0,83.08743574297584,1020.0,3.0,0.26320816792493934
2025-12-08T20:58:31,30.1,856.0,83.2050414585058,1020.0,3.0,0.26921756073291336
2025-12-08T20:58:31,30.1,855.0,83.27957568879879,1020.0,3.0,0.27402507497929257
2025-12-08T20:58:32,30.1,853.0,83.3001023887712,1021.0,2.0,0.2583207442454087
2025-12-08T20:58:32,30.1,852.0,83.29697340661814,1021.0,2.0,0.24575727965830155
2025-12-08T20:58:32,30.1,851.0,83.2749198787647,1021.0,2.0,0.23570650798861584
2025-12-08T20:58:32,30.1,852.0,83.27682739861294,1020.0,3.0,0.24721623278385457
2025-12-08T20:58:32,30.1,851.0,83.25880307236054,1019.0,4.0,0.2759743547510328
2025-12-08T20:58:33,30.1,846.0,83.14663190070368,1020.0,3.0,0.2794305101937882
2025-12-08T20:58:33,30.1,845.0,83.0373446212472,1020.0,3.0,0.28219543454799245
2025-12-08T20:58:33,30.1,847.0,82.98901548194401,1020.0,3.0,0.28440737403135585
2025-12-08T20:58:33,30.1,847.0,82.95035217050145,1020.0,3.0,0.2861769256180466
2025-12-08T20:58:34,30.1,849.0,82.95852220560937,1020.0,3.0,0.28759256688739915
2025-12-08T20:58:34,30.1,856.0,83.10191062861261,1019.0,4.0,0.3082754220338685
2025-12-08T20:58:34,30.1,872.0,83.52942684111102,1021.0,2.0,0.2857210218890694
2025-12-08T20:58:34,30.1,879.0,84.00829220602665,1020.0,3.0,0.2872278439042174
2025-12-08T20:58:34,30.1,859.0,84.0003776553394,1020.0,3.0,0.28843330151633584
2025-12-08T20:58:35,30.1,778.0,82.41046830217965,1020.0,3.0,0.2893976676060306
2025-12-08T20:58:35,30.1,625.0,78.14733847361079,1020.0,3.0,0.29016916047778635
2025-12-08T20:58:35,30.1,403.0,70.39665865767651,1021.0,2.0,0.27123601264420366
2025-12-08T20:58:35,30.1,317.0,62.51478538166418,1022.0,1.0,0.23653915224635025
2025-12-08T20:58:36,30.1,287.0,55.6227764969247,1022.0,1.0,0.20878166392806752
2025-12-08T20:58:36,30.1,263.0,49.63996117798942,1022.0,1.0,0.18657567327344132
2025-12-08T20:58:36,30.1,243.0,44.46270208022145,1022.0,1.0,0.16881088074974038
2025-12-08T20:58:36,30.1,224.0,39.94943830151831,1022.0,1.0,0.15459904673077962
2025-12-08T20:58:36,30.1,206.0,35.98692112019803,1022.0,1.0,0.143229579515611
2025-12-08T20:58:37,30.1,190.0,32.50410190104601,1022.0,1.0,0.1341340057434761
2025-12-08T20:58:37,30.1,175.0,29.424591393759588,1022.0,1.0,0.12685754672576818
2025-12-08T20:58:37,30.1,163.0,26.726378882358603,1022.0,1.0,0.12103637951160184
2025-12-08T20:58:37,30.1,153.0,24.37230545192794,1022.0,1.0,0.11637944574026877
2025-12-08T20:58:38,30.1,144.0,22.313093628404523,1022.0,1.0,0.11265389872320232
2025-12-08T20:58:38,30.1,135.0,20.489771090406904,1022.0,1.0,0.10967346110954915
2025-12-08T20:58:38,30.1,128.0,18.8942606650919,1022.0,1.0,0.1072891110186266
2025-12-08T20:58:38,30.1,120.0,17.461449587791996,1022.0,1.0,0.10538163094588858
2025-12-08T20:58:38,30.1,114.0,16.19789867316615,1022.0,1.0,0.10385564688769816
2025-12-08T20:58:39,30.1,109.0,15.089306230810536,1022.0,1.0,0.10263485964114583
2025-12-08T20:58:39,30.1,103.0,14.085130224140121,1022.0,1.0,0.10165822984390395
2025-12-08T20:58:39,30.2,154.0,14.27885686748414,1022.0,1.0,0.10087692600611045
2025-12-08T20:58:39,30.2,198.0,15.294053235922798,1022.0,1.0,0.10025188293587566
2025-12-08T20:58:39,30.2,396.0,19.977178072609206,1022.0,1.0,0.09975184847968782
2025-12-08T20:58:40,30.2,790.0,31.42651274156733,1022.0,1.0,0.09935182091473756
2025-12-08T20:58:40,30.2,816.0,41.0942893721395,1021.0,2.0,0.11858214099376463
2025-12-08T20:58:40,30.2,825.0,49.004463755776115,1021.0,2.0,0.1339663970569863
2025-12-08T20:58:40,30.2,835.0,55.52810668399529,1021.0,2.0,0.14627380190756362
2025-12-08T20:58:41,30.2,845.0,60.9425244478805,1021.0,2.0,0.1561197257880255
2025-12-08T20:58:41,30.2,860.0,65.56731379095348,1022.0,1.0,0.1444461227614077
2025-12-08T20:58:41,30.2,850.0,69.07164184410199,1022.0,1.0,0.13510724034011345
2025-12-08T20:58:41,30.1,787.0,70.6434327323686,1020.0,3.0,0.16673681866505263
2025-12-08T20:58:41,30.1,659.0,69.39842165021551,1020.0,3.0,0.19204048132500398
2025-12-08T20:58:42,30.1,435.0,64.02313614715189,1021.0,2.0,0.19273306932197778
2025-12-08T20:58:42,30.1,299.0,57.06406121488671,1022.0,1.0,0.17373679758856955
2025-12-08T20:58:42,30.1,268.0,50.89074066301397,1022.0,1.0,0.15853978020184295
2025-12-08T20:58:42,30.1,247.0,45.54152703676504,1022.0,1.0,0.14638216629246167
2025-12-08T20:58:43,30.1,229.0,40.91024997740812,1022.0,1.0,0.13665607516495665
2025-12-08T20:58:43,30.1,211.0,36.85332217156482,1022.0,1.0,0.12887520226295263
2025-12-08T20:58:43,30.1,193.0,33.2558737685324,1022.0,1.0,0.1226505039413494
2025-12-08T20:58:43,30.1,176.0,30.04555922987969,1022.0,1.0,0.1176707452840668
2025-12-08T20:58:43,30.1,162.0,27.203602809123694,1022.0,1.0,0.11368693835824074
2025-12-08T20:58:44,30.1,151.0,24.71498390907804,1022.0,1.0,0.1104998928175799
2025-12-08T20:58:44,30.1,141.0,22.528585367731644,1022.0,1.0,0.10795025638505121
2025-12-08T20:58:44,30.1,133.0,20.623063797606626,1022.0,1.0,0.10591054723902826
2025-12-08T20:58:44,30.1,124.0,18.92269346232773,1022.0,1.0,0.10427877992220991
2025-12-08T20:58:45,30.1,117.0,17.425544799187698,1022.0,1.0,0.10297336606875522
2025-12-08T20:58:45,30.1,111.0,16.11052381588975,1022.0,1.0,0.10192903498599147
2025-12-08T20:58:45,30.1,105.0,14.941204976465466,1022.0,1.0,0.10109357011978047
2025-12-08T20:58:45,30.1,100.0,13.907998194271103,1022.0,1.0,0.10042519822681167
2025-12-08T20:58:45,30.1,95.0,12.983681057860677,1022.0,1.0,0.09989050071243663
2025-12-08T20:58:46,30.2,91.0,12.166025980208387,1022.0,1.0,0.0994627427009366
2025-12-08T20:58:46,30.2,87.0,11.433700549562605,1022.0,1.0,0.09912053629173657
2025-12-08T20:58:46,30.2,84.0,10.789189178653018,1022.0,1.0,0.09884677116437655
2025-12-08T20:58:46,30.2,81.0,10.214929055532386,1022.0,1.0,0.09862775906248854
2025-12-08T20:58:47,30.2,78.0,9.696869930642919,1022.0,1.0,0.09845254938097812
2025-12-08T20:58:47,30.2,75.0,9.223771604338383,1022.0,1.0,0.09831238163576979
2025-12-08T20:58:47,30.2,73.0,8.806192259032779,1022.0,1.0,0.09820024743960312
2025-12-08T20:58:47,30.2,70.0,8.413477756395334,1022.0,1.0,0.0981105400826698
2025-12-08T20:58:47,30.2,69.0,8.07975581215439,1022.0,1.0,0.09803877419712313
2025-12-08T20:58:48,30.2,67.0,7.773677572499661,1022.0,1.0,0.0979813614886858
2025-12-08T20:58:48,30.2,65.0,7.489714296513903,1022.0,1.0,0.09793543132193594
2025-12-08T20:58:48,30.2,64.0,7.24299333359431,1022.0,1.0,0.09789868718853605
2025-12-08T20:58:48,30.2,62.0,7.00651587899666,1022.0,1.0,0.09786929188181613
2025-12-08T20:58:49,30.2,61.0,6.797783573187552,1022.0,1.0,0.0978457756364402
2025-12-08T20:58:49,30.2,59.0,6.591697044278292,1022.0,1.0,0.09782696264013946
2025-12-08T20:58:49,30.2,57.0,6.38772713688891,1022.0,1.0,0.09781191224309886
2025-12-08T20:58:49,30.2,56.0,6.205000868846416,1022.0,1.0,0.09779987192546638
2025-12-08T20:58:49,30.2,55.0,6.039269512281434,1022.0,1.0,0.0977902396713604
2025-12-08T20:58:50,30.2,54.0,5.887134084898461,1022.0,1.0,0.09778253386807562
2025-12-08T20:58:50,30.2,53.0,5.745875400861095,1022.0,1.0,0.09777636922544779
2025-12-08T20:58:50,30.2,52.0,5.613318111500216,1022.0,1.0,0.09777143751134552
2025-12-08T20:58:50,30.2,51.0,5.487721937880525,1022.0,1.0,0.09776749214006371
2025-12-08T20:58:50,30.2,51.0,5.387244998984772,1022.0,1.0,0.09776433584303826
2025-12-08T20:58:51,30.2,50.0,5.287313105737183,1022.0,1.0,0.0977618108054179
2025-12-08T20:58:51,30.2,49.0,5.187817249008123,1022.0,1.0,0.09775979077532161
2025-12-08T20:58:51,30.2,48.0,5.088670221493889,1022.0,1.0,0.09775817475124458
2025-12-08T20:58:51,30.2,48.0,5.009352599482501,1022.0,1.0,0.09775688193198297
2025-12-08T20:58:52,30.2,47.0,4.926348159742403,1022.0,1.0,0.09775584767657367
2025-12-08T20:58:52,30.2,46.0,4.840394265819338,1022.0,1.0,0.09775502027224622
2025-12-08T20:58:52,30.2,46.0,4.771631150680886,1022.0,1.0,0.09775435834878428
2025-12-08T20:58:52,30.2,45.0,4.697070316439137,1022.0,1.0,0.09775382881001472
2025-12-08T20:58:52,30.2,45.0,4.637421649045738,1022.0,1.0,0.09775340517899907
2025-12-08T20:58:53,30.2,44.0,4.570152373000031,1022.0,1.0,0.09775306627418655
2025-12-08T20:58:53,30.2,44.0,4.516336952163466,1022.0,1.0,0.09775279515033654
2025-12-08T20:58:53,30.2,44.0,4.473284615494214,1022.0,1.0,0.09775257825125652
2025-12-08T20:58:53,30.2,43.0,4.419292404027825,1022.0,1.0,0.09775240473199251
2025-12-08T20:58:54,30.2,43.0,4.3760986348547135,1022.0,1.0,0.0977522659165813
2025-12-08T20:58:54,30.2,43.0,4.341543619516225,1022.0,1.0,0.09775215486425233
2025-12-08T20:58:54,30.2,43.0,4.313899607245434,1022.0,1.0,0.09775206602238916
2025-12-08T20:58:54,30.2,42.0,4.2722340552978135,1022.0,1.0,0.09775199494889862
2025-12-08T20:58:54,30.2,42.0,4.238901613739717,1022.0,1.0,0.0977519380901062
2025-12-08T20:58:55,30.2,42.0,4.21223566049324,1022.0,1.0,0.09775189260307225
2025-12-08T20:58:55,30.2,41.0,4.171352555765071,1022.0,1.0,0.09775185621344509
2025-12-08T20:58:55,30.2,41.0,4.138646071982536,1022.0,1.0,0.09775182710174336
2025-12-08T20:58:55,30.2,41.0,4.112480884956508,1022.0,1.0,0.09775180381238198
2025-12-08T20:58:56,30.2,41.0,4.091548735335685,1022.0,1.0,0.09775178518089288
2025-12-08T20:58:56,30.2,40.0,4.05525267350804,1022.0,1.0,0.0977517702757016
2025-12-08T20:58:56,30.2,40.0,4.026215824045924,1022.0,1.0,0.09775175835154858
2025-12-08T20:58:56,30.2,40.0,4.002986344476231,1022.0,1.0,0.09775174881222616
2025-12-08T20:58:56,30.2,40.0,3.9844027608204766,1022.0,1.0,0.09775174118076822
2025-12-08T20:58:57,30.2,40.0,3.9695358938958734,1022.0,1.0,0.09775173507560188
2025-12-08T20:58:57,30.2,40.0,3.9576424003561907,1022.0,1.0,0.0977517301914688
2025-12-08T20:58:57,30.2,39.0,3.9285772633934575,1022.0,1.0,0.09775172628416233
2025-12-08T20:58:57,30.2,39.0,3.905325153823271,1022.0,1.0,0.09775172315831716
2025-12-08T20:58:58,30.2,39.0,3.8867234661671217,1022.0,1.0,0.09775172065764103
2025-12-08T20:58:58,30.2,39.0,3.871842116042202,1022.0,1.0,0.09775171865710011
2025-12-08T20:58:58,30.2,39.0,3.8599370359422664,1022.0,1.0,0.09775171705666738
2025-12-08T20:58:58,30.2,39.0,3.850412971862318,1022.0,1.0,0.0977517157763212
2025-12-08T20:58:58,30.2,39.0,3.842793720598359,1022.0,1.0,0.09775171475204426
2025-12-08T20:58:59,30.2,38.0,3.8171479774562047,1022.0,1.0,0.0977517139326227
2025-12-08T20:58:59,30.2,38.0,3.7966313829424814,1022.0,1.0,0.09775171327708546
2025-12-08T20:58:59,30.2,38.0,3.7802181073315024,1022.0,1.0,0.09775171275265566
2025-12-08T20:58:59,30.2,38.0,3.7670874868427195,1022.0,1.0,0.09775171233311182
2025-12-08T20:59:00,30.2,38.0,3.756582990451693,1022.0,1.0,0.09775171199747675
2025-12-08T20:59:00,30.2,38.0,3.748179393338872,1022.0,1.0,0.0977517117289687
2025-12-08T20:59:00,30.2,38.0,3.7414565156486153,1022.0,1.0,0.09775171151416225
2025-12-08T20:59:00,30.2,38.0,3.73607821349641,1022.0,1.0,0.0977517113423171
2025-12-08T20:59:00,30.2,38.0,3.7317755717746453,1022.0,1.0,0.09775171120484097
2025-12-08T20:59:01,30.2,38.0,3.7283334583972336,1022.0,1.0,0.09775171109486007
2025-12-08T20:59:01,30.2,37.0,3.706029425564317,1022.0,1.0,0.09775171100687535
2025-12-08T20:59:01,30.2,37.0,3.688186199297984,1022.0,1.0,0.09775171093648757
2025-12-08T20:59:01,30.2,37.0,3.6739116182849174,1022.0,1.0,0.09775171088017735
2025-12-08T20:59:01,30.2,37.0,3.662491953474464,1022.0,1.0,0.09775171083512918
2025-12-08T20:59:02,30.2,37.0,3.6533562216261015,1022.0,1.0,0.09775171079909063
2025-12-08T20:59:02,30.2,37.0,3.6460476361474115,1022.0,1.0,0.0977517107702598
2025-12-08T20:59:02,30.2,37.0,3.6402007677644592,1022.0,1.0,0.09775171074719514
2025-12-08T20:59:02,30.2,37.0,3.6355232730580975,1022.0,1.0,0.0977517107287434
2025-12-08T20:59:03,30.2,37.0,3.6317812772930083,1022.0,1.0,0.09775171071398202
2025-12-08T20:59:03,30.2,37.0,3.628787680680937,1022.0,1.0,0.09775171070217291
2025-12-08T20:59:03,30.2,37.0,3.62639280339128,1022.0,1.0,0.09775171069272562
2025-12-08T20:59:03,30.2,37.0,3.624476901559554,1022.0,1.0,0.09775171068516779
2025-12-08T20:59:03,30.2,37.0,3.6229441800941737,1022.0,1.0,0.09775171067912153
2025-12-08T20:59:04,30.2,37.0,3.6217180029218694,1022.0,1.0,0.09775171067428452
2025-12-08T20:59:04,30.2,37.0,3.620737061184026,1022.0,1.0,0.09775171067041491
2025-12-08T20:59:04,30.2,36.0,3.6004019656627637,1022.0,1.0,0.09775171066731922
2025-12-08T20:59:04,30.2,36.0,3.584133889245754,1022.0,1.0,0.09775171066484267
2025-12-08T20:59:05,30.2,36.0,3.571119428112146,1022.0,1.0,0.09775171066286144
2025-12-08T20:59:05,30.2,36.0,3.5607078592052597,1022.0,1.0,0.09775171066127644
2025-12-08T20:59:05,30.2,36.0,3.5523786040797507,1022.0,1.0,0.09775171066000844
2025-12-08T20:59:05,30.2,36.0,3.5457151999793437,1022.0,1.0,0.09775171065899405
2025-12-08T20:59:05,30.2,36.0,3.540384476699018,1022.0,1.0,0.09775171065818253
2025-12-08T20:59:06,30.2,36.0,3.5361198980747575,1022.0,1.0,0.09775171065753331
2025-12-08T20:59:06,30.2,36.0,3.532708235175349,1022.0,1.0,0.09775171065701395
2025-12-08T20:59:06,30.2,36.0,3.529978904855822,1022.0,1.0,0.09775171065659845
2025-12-08T20:59:06,30.2,36.0,3.5277954406002006,1022.0,1.0,0.09775171065626605
2025-12-08T20:59:07,30.2,36.0,3.5260486691957036,1022.0,1.0,0.09775171065600013
2025-12-08T20:59:07,30.2,36.0,3.524651252072106,1022.0,1.0,0.0977517106557874
2025-12-08T20:59:07,30.2,36.0,3.523533318373228,1022.0,1.0,0.09775171065561722
2025-12-08T20:59:07,30.2,36.0,3.5226389714141253,1022.0,1.0,0.09775171065548106
2025-12-08T20:59:07,30.2,36.0,3.521923493846843,1022.0,1.0,0.09775171065537215
2025-12-08T20:59:08,30.2,36.0,3.5213511117930176,1022.0,1.0,0.09775171065528501
2025-12-08T20:59:08,30.2,36.0,3.520893206149957,1022.0,1.0,0.0977517106552153
2025-12-08T20:59:08,30.2,36.0,3.520526881635509,1022.0,1.0,0.09775171065515954
2025-12-08T20:59:08,30.2,35.0,3.5006834798929622,1022.0,1.0,0.09775171065511493
2025-12-08T20:59:09,30.2,35.0,3.484808758498925,1022.0,1.0,0.09775171065507923
2025-12-08T20:59:09,30.2,35.0,3.472108981383695,1022.0,1.0,0.09775171065505069
2025-12-08T20:59:09,30.2,35.0,3.4619491596915113,1022.0,1.0,0.09775171065502784
2025-12-08T20:59:09,30.2,35.0,3.453821302337764,1022.0,1.0,0.09775171065500957
2025-12-08T20:59:09,30.2,35.0,3.4473190164547667,1022.0,1.0,0.09775171065499495
2025-12-08T20:59:10,30.2,35.0,3.4421171877483685,1022.0,1.0,0.09775171065498325
2025-12-08T20:59:10,30.2,35.0,3.43795572478325,1022.0,1.0,0.0977517106549739
2025-12-08T20:59:10,30.2,35.0,3.4346265544111554,1022.0,1.0,0.09775171065496642
2025-12-08T20:59:10,30.2,35.0,3.4319632181134794,1022.0,1.0,0.09775171065496042
2025-12-08T20:59:11,30.2,35.0,3.4298325490753387,1022.0,1.0,0.09775171065495564
2025-12-08T20:59:11,30.2,35.0,3.4281280138448262,1022.0,1.0,0.0977517106549518
2025-12-08T20:59:11,30.2,35.0,3.4267643856604164,1022.0,1.0,0.09775171065494874
2025-12-08T20:59:11,30.2,35.0,3.4256734831128886,1022.0,1.0,0.09775171065494628
2025-12-08T20:59:11,30.2,35.0,3.424800761074866,1022.0,1.0,0.09775171065494433
2025-12-08T20:59:12,30.2,35.0,3.4241025834444483,1022.0,1.0,0.09775171065494276
2025-12-08T20:59:12,30.2,35.0,3.4235440413401137,1022.0,1.0,0.0977517106549415
2025-12-08T20:59:12,30.2,35.0,3.4230972076566464,1022.0,1.0,0.0977517106549405
2025-12-08T20:59:12,30.2,35.0,3.4227397407098725,1022.0,1.0,0.09775171065493969
2025-12-08T20:59:12,30.2,35.0,3.422453767152453,1022.0,1.0,0.09775171065493905
2025-12-08T20:59:13,30.2,35.0,3.422224988306518,1022.0,1.0,0.09775171065493854
2025-12-08T20:59:13,30.2,35.0,3.4220419652297696,1022.0,1.0,0.09775171065493812
2025-12-08T20:59:13,30.2,35.0,3.4218955467683707,1022.0,1.0,0.09775171065493779
2025-12-08T20:59:13,30.2,35.0,3.421778411999252,1022.0,1.0,0.09775171065493753
2025-12-08T20:59:14,30.2,35.0,3.421684704183957,1022.0,1.0,0.09775171065493732
2025-12-08T20:59:14,30.2,35.0,3.4216097379317207,1022.0,1.0,0.09775171065493715
2025-12-08T20:59:14,30.2,35.0,3.421549764929932,1022.0,1.0,0.09775171065493701
2025-12-08T20:59:14,30.2,35.0,3.4215017865285007,1022.0,1.0,0.0977517106549369
2025-12-08T20:59:14,30.2,35.0,3.4214634038073557,1022.0,1.0,0.09775171065493682
2025-12-08T20:59:15,30.2,35.0,3.42143269763044,1022.0,1.0,0.09775171065493675
2025-12-08T20:59:15,30.2,35.0,3.421408132688907,1022.0,1.0,0.0977517106549367
2025-12-08T20:59:15,30.2,35.0,3.421388480735681,1022.0,1.0,0.09775171065493665
